id,answer_json
qsg_3d48ac2b674e,"{""hidden_cells"":[""c16_16""]}"
qsg_9a3ade5cd574,"{""hidden_cells"":[""c16_16""]}"
qsg_1196f68767ef,"{""hidden_cells"":[""c16_16""]}"
qsg_1963c4deb2bd,"{""hidden_cells"":[""c16_16""]}"
qsg_e63e606914a3,"{""hidden_cells"":[""c16_16""]}"
qsg_1c96c21893cf,"{""hidden_cells"":[""c16_16""]}"
qsg_8b710703dab9,"{""hidden_cells"":[""c16_16""]}"
qsg_ac90fe56195f,"{""hidden_cells"":[""c16_16""]}"
qsg_d9272b8a0bdc,"{""hidden_cells"":[""c16_16""]}"
qsg_9c3c10689b41,"{""hidden_cells"":[""c16_16""]}"
qsg_ab064bbf5ea3,"{""hidden_cells"":[""c16_16""]}"
qsg_07d692357b8f,"{""hidden_cells"":[""c16_16""]}"
qsg_d45690eb6e5a,"{""hidden_cells"":[""c16_16""]}"
qsg_3149eb19819c,"{""hidden_cells"":[""c16_16""]}"
qsg_5876b45a1052,"{""hidden_cells"":[""c16_16""]}"
qsg_b5114015f391,"{""hidden_cells"":[""c16_16""]}"
qsg_e7bcaaaacf0e,"{""hidden_cells"":[""c16_16""]}"
qsg_7a44578881a7,"{""hidden_cells"":[""c16_16""]}"
qsg_5ff627865aef,"{""hidden_cells"":[""c16_16""]}"
qsg_3aa11a481c94,"{""hidden_cells"":[""c16_16""]}"
qsg_6ffa2b4fa20d,"{""hidden_cells"":[""c16_16""]}"
qsg_128c28ad9ae2,"{""hidden_cells"":[""c16_16""]}"
qsg_88b17507a319,"{""hidden_cells"":[""c16_16""]}"
qsg_3f189ea66f05,"{""hidden_cells"":[""c16_16""]}"
qsg_cf39afd3e3e1,"{""hidden_cells"":[""c16_16""]}"
qsg_04a97cdd29a4,"{""hidden_cells"":[""c16_16""]}"
qsg_e7dd1f3a3a13,"{""hidden_cells"":[""c16_16""]}"
qsg_a69445506539,"{""hidden_cells"":[""c16_16""]}"
qsg_622d6a8a8381,"{""hidden_cells"":[""c16_16""]}"
qsg_ea2c75612713,"{""hidden_cells"":[""c16_16""]}"
qsg_915b3f6d3abf,"{""hidden_cells"":[""c16_16""]}"
qsg_cc2b104a4432,"{""hidden_cells"":[""c16_16""]}"
qsg_58557a01886c,"{""hidden_cells"":[""c16_16""]}"
qsg_01d6908e0c07,"{""hidden_cells"":[""c16_16""]}"
qsg_51ee3d82a5a4,"{""hidden_cells"":[""c16_16""]}"
qsg_8807e9b9773a,"{""hidden_cells"":[""c16_16""]}"
qsg_7fe6673120d0,"{""hidden_cells"":[""c16_16""]}"
qsg_41e3719e585f,"{""hidden_cells"":[""c16_16""]}"
qsg_31cf8c2959a2,"{""hidden_cells"":[""c16_16""]}"
qsg_12f8527f972d,"{""hidden_cells"":[""c16_16""]}"
qsg_3df060a9aca4,"{""hidden_cells"":[""c16_16""]}"
qsg_7ed7c41e1937,"{""hidden_cells"":[""c16_16""]}"
qsg_28f040956e43,"{""hidden_cells"":[""c16_16""]}"
qsg_f457529fdd46,"{""hidden_cells"":[""c16_16""]}"
qsg_f80ee4744cd5,"{""hidden_cells"":[""c16_16""]}"
qsg_fd4c8632ec0f,"{""hidden_cells"":[""c16_16""]}"
qsg_6cf560a01229,"{""hidden_cells"":[""c16_16""]}"
qsg_3c0599ad9185,"{""hidden_cells"":[""c16_16""]}"
qsg_a984fcd363fd,"{""hidden_cells"":[""c16_16""]}"
qsg_0ef42eadf575,"{""hidden_cells"":[""c16_16""]}"
qsg_d2642f9cef3d,"{""hidden_cells"":[""c16_16""]}"
qsg_aaf9ec85d2bb,"{""hidden_cells"":[""c16_16""]}"
qsg_ccb486cf57f6,"{""hidden_cells"":[""c16_16""]}"
qsg_6d30cc06c11a,"{""hidden_cells"":[""c16_16""]}"
qsg_f767e5d48df2,"{""hidden_cells"":[""c16_16""]}"
qsg_5e96449570b5,"{""hidden_cells"":[""c16_16""]}"
qsg_9213d2424002,"{""hidden_cells"":[""c16_16""]}"
qsg_1f5caa947655,"{""hidden_cells"":[""c16_16""]}"
qsg_3b5c2425b7d6,"{""hidden_cells"":[""c16_16""]}"
qsg_ff17ed0b9e3b,"{""hidden_cells"":[""c16_16""]}"
qsg_51b97cfbbbff,"{""hidden_cells"":[""c16_16""]}"
qsg_95ce6e0d1150,"{""hidden_cells"":[""c16_16""]}"
qsg_635f267b50bf,"{""hidden_cells"":[""c16_16""]}"
qsg_3b10ef89e485,"{""hidden_cells"":[""c16_16""]}"
qsg_e612716a0b12,"{""hidden_cells"":[""c16_16""]}"
qsg_a5a6a0e860e8,"{""hidden_cells"":[""c16_16""]}"
qsg_00a48ab6d09b,"{""hidden_cells"":[""c16_16""]}"
qsg_37b1a21f0917,"{""hidden_cells"":[""c16_16""]}"
qsg_324ac33fbc43,"{""hidden_cells"":[""c16_16""]}"
qsg_b685401fc51f,"{""hidden_cells"":[""c16_16""]}"
qsg_50b6dba9df4e,"{""hidden_cells"":[""c16_16""]}"
qsg_0a7b3c3722c1,"{""hidden_cells"":[""c16_16""]}"
qsg_bd933dd6a5e4,"{""hidden_cells"":[""c16_16""]}"
qsg_1bf92da2b682,"{""hidden_cells"":[""c16_16""]}"
qsg_ad4b878d1464,"{""hidden_cells"":[""c16_16""]}"
qsg_e9d1c904514c,"{""hidden_cells"":[""c16_16""]}"
qsg_b39c1862223a,"{""hidden_cells"":[""c16_16""]}"
qsg_30ad2aa21a84,"{""hidden_cells"":[""c16_16""]}"
qsg_3f96124cc34f,"{""hidden_cells"":[""c16_16""]}"
qsg_561724f8ea76,"{""hidden_cells"":[""c16_16""]}"
qsg_3fb6e1c05684,"{""hidden_cells"":[""c16_16""]}"
qsg_1b75f018f990,"{""hidden_cells"":[""c16_16""]}"
qsg_9a15495d9f83,"{""hidden_cells"":[""c16_16""]}"
qsg_f6da88da64e9,"{""hidden_cells"":[""c16_16""]}"
qsg_b0dacc416c83,"{""hidden_cells"":[""c16_16""]}"
qsg_d95db02bbe81,"{""hidden_cells"":[""c16_16""]}"
qsg_add07128c189,"{""hidden_cells"":[""c16_16""]}"
qsg_fd2a5f09422c,"{""hidden_cells"":[""c16_16""]}"
qsg_4795e75191b0,"{""hidden_cells"":[""c16_16""]}"
qsg_3b2bbdd34801,"{""hidden_cells"":[""c16_16""]}"
qsg_6693d6df112e,"{""hidden_cells"":[""c16_16""]}"
qsg_a68406e9a57f,"{""hidden_cells"":[""c16_16""]}"
qsg_93517a3c6e1f,"{""hidden_cells"":[""c16_16""]}"
qsg_ea5c3070cb7a,"{""hidden_cells"":[""c16_16""]}"
qsg_70194b3113f7,"{""hidden_cells"":[""c16_16""]}"
qsg_e231786c0be4,"{""hidden_cells"":[""c16_16""]}"
qsg_c2d7706cf9a2,"{""hidden_cells"":[""c16_16""]}"
qsg_cbdcec412e47,"{""hidden_cells"":[""c16_16""]}"
qsg_f8e7ef133c2e,"{""hidden_cells"":[""c16_16""]}"
qsg_7d8277b0ff28,"{""hidden_cells"":[""c16_16""]}"
qsg_06567868fb27,"{""hidden_cells"":[""c16_16""]}"
qsg_dcbe1671ddef,"{""hidden_cells"":[""c16_16""]}"
qsg_752bd83ed7a2,"{""hidden_cells"":[""c16_16""]}"
qsg_2e5b292e83ab,"{""hidden_cells"":[""c16_16""]}"
qsg_0ee0ef90a49e,"{""hidden_cells"":[""c16_16""]}"
qsg_03f5c18acbf8,"{""hidden_cells"":[""c16_16""]}"
qsg_b0a65d26086f,"{""hidden_cells"":[""c16_16""]}"
qsg_79afcafc5e8b,"{""hidden_cells"":[""c16_16""]}"
qsg_987f0d868cda,"{""hidden_cells"":[""c16_16""]}"
qsg_77269f558ba5,"{""hidden_cells"":[""c16_16""]}"
qsg_b5b5eb74f78b,"{""hidden_cells"":[""c16_16""]}"
qsg_bd6cd7730a00,"{""hidden_cells"":[""c16_16""]}"
qsg_8bebc94ac803,"{""hidden_cells"":[""c16_16""]}"
qsg_a9b3c206317b,"{""hidden_cells"":[""c16_16""]}"
qsg_1b1f118e8306,"{""hidden_cells"":[""c16_16""]}"
qsg_a28b70abe008,"{""hidden_cells"":[""c16_16""]}"
qsg_eed8d4e9ff01,"{""hidden_cells"":[""c16_16""]}"
qsg_2aaad29c90f9,"{""hidden_cells"":[""c16_16""]}"
qsg_ab418e4542df,"{""hidden_cells"":[""c16_16""]}"
qsg_aba00b58bc28,"{""hidden_cells"":[""c16_16""]}"
qsg_dfb7789101cb,"{""hidden_cells"":[""c16_16""]}"
qsg_35fbbeb2cd80,"{""hidden_cells"":[""c16_16""]}"
qsg_b5644da69f5c,"{""hidden_cells"":[""c16_16""]}"
qsg_a904fd1bb96a,"{""hidden_cells"":[""c16_16""]}"
qsg_3f7b1dcc29c5,"{""hidden_cells"":[""c16_16""]}"
qsg_98b2508fb0f4,"{""hidden_cells"":[""c16_16""]}"
qsg_81b145f0ed25,"{""hidden_cells"":[""c16_16""]}"
qsg_1d2ee3d344e2,"{""hidden_cells"":[""c16_16""]}"
qsg_b3d1c36b8bc0,"{""hidden_cells"":[""c16_16""]}"
qsg_40bad4b48bb1,"{""hidden_cells"":[""c16_16""]}"
qsg_0487daa013b6,"{""hidden_cells"":[""c16_16""]}"
qsg_a2144433f459,"{""hidden_cells"":[""c16_16""]}"
qsg_b62ace16fba9,"{""hidden_cells"":[""c16_16""]}"
qsg_2f37e2682236,"{""hidden_cells"":[""c16_16""]}"
qsg_6ec667163573,"{""hidden_cells"":[""c16_16""]}"
qsg_85cef26485ad,"{""hidden_cells"":[""c16_16""]}"
qsg_51befc310ba7,"{""hidden_cells"":[""c16_16""]}"
qsg_f44a0481ea94,"{""hidden_cells"":[""c16_16""]}"
qsg_747fd1075f7e,"{""hidden_cells"":[""c16_16""]}"
qsg_19c8a31e3b97,"{""hidden_cells"":[""c16_16""]}"
qsg_6d09d6f290d9,"{""hidden_cells"":[""c16_16""]}"
qsg_4bd17bd78cc2,"{""hidden_cells"":[""c16_16""]}"
qsg_7753989516ef,"{""hidden_cells"":[""c16_16""]}"
qsg_897a2184cd78,"{""hidden_cells"":[""c16_16""]}"
qsg_c6b575a1caef,"{""hidden_cells"":[""c16_16""]}"
qsg_e1eb8a66e793,"{""hidden_cells"":[""c16_16""]}"
qsg_771f6d37a22d,"{""hidden_cells"":[""c16_16""]}"
qsg_0a54231de0d7,"{""hidden_cells"":[""c16_16""]}"
qsg_1c6f9522aab2,"{""hidden_cells"":[""c16_16""]}"
qsg_a7b571d51311,"{""hidden_cells"":[""c16_16""]}"
qsg_41f675c27166,"{""hidden_cells"":[""c16_16""]}"
qsg_45c72b6198c3,"{""hidden_cells"":[""c16_16""]}"
qsg_dfc659fbea4c,"{""hidden_cells"":[""c16_16""]}"
qsg_e0379f8a144b,"{""hidden_cells"":[""c16_16""]}"
qsg_c12773a444bd,"{""hidden_cells"":[""c16_16""]}"
qsg_ff353c34f137,"{""hidden_cells"":[""c16_16""]}"
qsg_a803dcf0834b,"{""hidden_cells"":[""c16_16""]}"
qsg_9c716b51c7b2,"{""hidden_cells"":[""c16_16""]}"
qsg_b53487793ec8,"{""hidden_cells"":[""c16_16""]}"
qsg_bf5d748c8edc,"{""hidden_cells"":[""c16_16""]}"
qsg_611e4ddcb6b3,"{""hidden_cells"":[""c16_16""]}"
qsg_9a2798dbf306,"{""hidden_cells"":[""c16_16""]}"
qsg_f8498b9df1b3,"{""hidden_cells"":[""c16_16""]}"
qsg_5dc1e91faac8,"{""hidden_cells"":[""c16_16""]}"
qsg_a92a1d3a4b56,"{""hidden_cells"":[""c16_16""]}"
qsg_0a691a9bdd22,"{""hidden_cells"":[""c16_16""]}"
qsg_93e6749e5669,"{""hidden_cells"":[""c16_16""]}"
qsg_c927f20aef46,"{""hidden_cells"":[""c16_16""]}"
qsg_b0c5127e0c59,"{""hidden_cells"":[""c16_16""]}"
qsg_ae130012cf29,"{""hidden_cells"":[""c16_16""]}"
qsg_391e4fdf92b6,"{""hidden_cells"":[""c16_16""]}"
qsg_44f7f2978b29,"{""hidden_cells"":[""c16_16""]}"
qsg_9ec4c1c91c99,"{""hidden_cells"":[""c16_16""]}"
qsg_c9c36b4c2a74,"{""hidden_cells"":[""c16_16""]}"
qsg_c0f8820546e5,"{""hidden_cells"":[""c16_16""]}"
qsg_d1af0a32fd71,"{""hidden_cells"":[""c16_16""]}"
qsg_0d0d6506784a,"{""hidden_cells"":[""c16_16""]}"
qsg_19396460581d,"{""hidden_cells"":[""c16_16""]}"
qsg_3ed946e77108,"{""hidden_cells"":[""c16_16""]}"
qsg_9d9d3fdade7c,"{""hidden_cells"":[""c16_16""]}"
qsg_1b593b461f16,"{""hidden_cells"":[""c16_16""]}"
qsg_03adfec83aba,"{""hidden_cells"":[""c16_16""]}"
qsg_fb4c9be4afc3,"{""hidden_cells"":[""c16_16""]}"
qsg_933467c15ec3,"{""hidden_cells"":[""c16_16""]}"
qsg_12cb9e7324bd,"{""hidden_cells"":[""c16_16""]}"
qsg_6fd870f3e4af,"{""hidden_cells"":[""c16_16""]}"
qsg_d4e943170a2c,"{""hidden_cells"":[""c16_16""]}"
qsg_56a9fac88271,"{""hidden_cells"":[""c16_16""]}"
qsg_5d051506c2c1,"{""hidden_cells"":[""c16_16""]}"
qsg_b02d16b59d1f,"{""hidden_cells"":[""c16_16""]}"
qsg_b7c6af8aa2a8,"{""hidden_cells"":[""c16_16""]}"
qsg_87ef95fba6f7,"{""hidden_cells"":[""c16_16""]}"
qsg_b087d6308a79,"{""hidden_cells"":[""c16_16""]}"
qsg_eeb663421a9a,"{""hidden_cells"":[""c16_16""]}"
qsg_a0b701bf80ee,"{""hidden_cells"":[""c16_16""]}"
qsg_4e7d3bfb96ed,"{""hidden_cells"":[""c16_16""]}"
qsg_5dc2ac2fc435,"{""hidden_cells"":[""c16_16""]}"
qsg_4649b54cc066,"{""hidden_cells"":[""c16_16""]}"
qsg_3848284dac9a,"{""hidden_cells"":[""c16_16""]}"
qsg_7f573dff9235,"{""hidden_cells"":[""c16_16""]}"
qsg_6017af74012e,"{""hidden_cells"":[""c16_16""]}"
qsg_3bc405d64873,"{""hidden_cells"":[""c16_16""]}"
qsg_96adb04d1704,"{""hidden_cells"":[""c16_16""]}"
qsg_771ab0406171,"{""hidden_cells"":[""c16_16""]}"
qsg_f98aa71d7c4d,"{""hidden_cells"":[""c16_16""]}"
qsg_77b3eda0e538,"{""hidden_cells"":[""c16_16""]}"
qsg_4ed4bb8f9150,"{""hidden_cells"":[""c16_16""]}"
qsg_ec369feca416,"{""hidden_cells"":[""c16_16""]}"
qsg_634ae3307dcd,"{""hidden_cells"":[""c16_16""]}"
qsg_f6401fe8d1de,"{""hidden_cells"":[""c16_16""]}"
qsg_7f97e0304d23,"{""hidden_cells"":[""c16_16""]}"
qsg_79d1f2f6e6a3,"{""hidden_cells"":[""c16_16""]}"
qsg_3fc39ec0cc8a,"{""hidden_cells"":[""c16_16""]}"
qsg_adfc2a62b129,"{""hidden_cells"":[""c16_16""]}"
qsg_a849da16a6de,"{""hidden_cells"":[""c16_16""]}"
qsg_bdf5b7bc4d0d,"{""hidden_cells"":[""c16_16""]}"
qsg_e254a9199de5,"{""hidden_cells"":[""c16_16""]}"
qsg_45e02b7c7d39,"{""hidden_cells"":[""c16_16""]}"
qsg_4807a7b50fc2,"{""hidden_cells"":[""c16_16""]}"
qsg_050991011ace,"{""hidden_cells"":[""c16_16""]}"
qsg_61a17af9b8cb,"{""hidden_cells"":[""c16_16""]}"
qsg_b8c27301a3d7,"{""hidden_cells"":[""c16_16""]}"
qsg_627f6e5184c9,"{""hidden_cells"":[""c16_16""]}"
qsg_ef1683133012,"{""hidden_cells"":[""c16_16""]}"
qsg_c1f5fb328fa0,"{""hidden_cells"":[""c16_16""]}"
qsg_4a6ce8ef9bd1,"{""hidden_cells"":[""c16_16""]}"
qsg_53ad9aaa3bd0,"{""hidden_cells"":[""c16_16""]}"
qsg_1e1d71b03423,"{""hidden_cells"":[""c16_16""]}"
qsg_dccf0f9b4774,"{""hidden_cells"":[""c16_16""]}"
qsg_a04dc6e85927,"{""hidden_cells"":[""c16_16""]}"
qsg_05f926c2a791,"{""hidden_cells"":[""c16_16""]}"
qsg_dcbcd9e6c7d2,"{""hidden_cells"":[""c16_16""]}"
qsg_7ae874c8a32e,"{""hidden_cells"":[""c16_16""]}"
qsg_b25be0630b28,"{""hidden_cells"":[""c16_16""]}"
qsg_2f10afcf3054,"{""hidden_cells"":[""c16_16""]}"
qsg_5a9f443143ea,"{""hidden_cells"":[""c16_16""]}"
qsg_93ed3924dcd5,"{""hidden_cells"":[""c16_16""]}"
qsg_82e07edc57dc,"{""hidden_cells"":[""c16_16""]}"
qsg_37f02375e790,"{""hidden_cells"":[""c16_16""]}"
qsg_1c96f7c3077b,"{""hidden_cells"":[""c16_16""]}"
qsg_8fd5a8bf88de,"{""hidden_cells"":[""c16_16""]}"
qsg_e3ba7d3301b7,"{""hidden_cells"":[""c16_16""]}"
qsg_a68881fad2ee,"{""hidden_cells"":[""c16_16""]}"
qsg_5e5c1fc8cf6f,"{""hidden_cells"":[""c16_16""]}"
qsg_c4195a072ea8,"{""hidden_cells"":[""c16_16""]}"
qsg_66d5af1e5f94,"{""hidden_cells"":[""c16_16""]}"
qsg_587758b5d562,"{""hidden_cells"":[""c16_16""]}"
qsg_00d508cefd14,"{""hidden_cells"":[""c16_16""]}"
qsg_e9759b850f6d,"{""hidden_cells"":[""c16_16""]}"
qsg_9c4dd63f9212,"{""hidden_cells"":[""c16_16""]}"
qsg_95b16c111530,"{""hidden_cells"":[""c16_16""]}"
qsg_d850df6ef354,"{""hidden_cells"":[""c16_16""]}"
qsg_32343512c148,"{""hidden_cells"":[""c16_16""]}"
qsg_9412c10a8824,"{""hidden_cells"":[""c16_16""]}"
qsg_25bca8ff4fc0,"{""hidden_cells"":[""c16_16""]}"
qsg_230fb43d5abe,"{""hidden_cells"":[""c16_16""]}"
qsg_46b5f1ad877f,"{""hidden_cells"":[""c16_16""]}"
qsg_1783e9fbd20a,"{""hidden_cells"":[""c16_16""]}"
qsg_a94cd3afb54d,"{""hidden_cells"":[""c16_16""]}"
qsg_422dfb00157b,"{""hidden_cells"":[""c16_16""]}"
qsg_fc0d85b78bc5,"{""hidden_cells"":[""c16_16""]}"
qsg_5eeef9c8c92d,"{""hidden_cells"":[""c16_16""]}"
qsg_8d27057360c6,"{""hidden_cells"":[""c16_16""]}"
qsg_233f74bda2d9,"{""hidden_cells"":[""c16_16""]}"
qsg_2cee8c069b34,"{""hidden_cells"":[""c16_16""]}"
qsg_ed4e59a4964b,"{""hidden_cells"":[""c16_16""]}"
qsg_d602cdfc2109,"{""hidden_cells"":[""c16_16""]}"
qsg_1cca8f086074,"{""hidden_cells"":[""c16_16""]}"
qsg_938c7466d010,"{""hidden_cells"":[""c16_16""]}"
qsg_2b3f867ef950,"{""hidden_cells"":[""c16_16""]}"
qsg_2528ac1fbd21,"{""hidden_cells"":[""c16_16""]}"
qsg_5c828df0f840,"{""hidden_cells"":[""c16_16""]}"
qsg_a58632698511,"{""hidden_cells"":[""c16_16""]}"
qsg_5fe88710e954,"{""hidden_cells"":[""c16_16""]}"
qsg_f55fcd1ea92d,"{""hidden_cells"":[""c16_16""]}"
qsg_8308362e7c3c,"{""hidden_cells"":[""c16_16""]}"
qsg_e9d19d6b4e20,"{""hidden_cells"":[""c16_16""]}"
qsg_e6fbf351efe7,"{""hidden_cells"":[""c16_16""]}"
qsg_131dc42f7138,"{""hidden_cells"":[""c16_16""]}"
qsg_713bf00951f5,"{""hidden_cells"":[""c16_16""]}"
qsg_5476621afa87,"{""hidden_cells"":[""c16_16""]}"
qsg_3d279cd608ad,"{""hidden_cells"":[""c16_16""]}"
qsg_1449a5644ef2,"{""hidden_cells"":[""c16_16""]}"
qsg_ea765b3dd8d7,"{""hidden_cells"":[""c16_16""]}"
qsg_e8f29937b443,"{""hidden_cells"":[""c16_16""]}"
qsg_74df7c03886c,"{""hidden_cells"":[""c16_16""]}"
qsg_409354200d01,"{""hidden_cells"":[""c16_16""]}"
qsg_7b1c0fd87f24,"{""hidden_cells"":[""c16_16""]}"
qsg_898ec834a56b,"{""hidden_cells"":[""c16_16""]}"
qsg_6dea26b2edca,"{""hidden_cells"":[""c16_16""]}"
qsg_6c3c11e8c286,"{""hidden_cells"":[""c16_16""]}"
qsg_b7e54b337852,"{""hidden_cells"":[""c16_16""]}"
qsg_6850582a1381,"{""hidden_cells"":[""c16_16""]}"
qsg_c6ae94637a00,"{""hidden_cells"":[""c16_16""]}"
qsg_2e5224730144,"{""hidden_cells"":[""c16_16""]}"
qsg_ac0a220acf4a,"{""hidden_cells"":[""c16_16""]}"
qsg_558b59acd15e,"{""hidden_cells"":[""c16_16""]}"
qsg_7d4cffc3e371,"{""hidden_cells"":[""c16_16""]}"
qsg_e7fac44d9bb8,"{""hidden_cells"":[""c16_16""]}"
qsg_a36f261fa1f1,"{""hidden_cells"":[""c16_16""]}"
qsg_c75e7ba47ec6,"{""hidden_cells"":[""c16_16""]}"
qsg_95f0bb45b3da,"{""hidden_cells"":[""c16_16""]}"
qsg_e5b43f8d4da5,"{""hidden_cells"":[""c16_16""]}"
qsg_93be47b8df04,"{""hidden_cells"":[""c16_16""]}"
qsg_8d24080cf34a,"{""hidden_cells"":[""c16_16""]}"
qsg_3a4d1d5295c8,"{""hidden_cells"":[""c16_16""]}"
qsg_f9d2757f99c0,"{""hidden_cells"":[""c16_16""]}"
qsg_d35c0f406c08,"{""hidden_cells"":[""c16_16""]}"
qsg_f16ee293caba,"{""hidden_cells"":[""c16_16""]}"
qsg_10a4a24aefa8,"{""hidden_cells"":[""c16_16""]}"
qsg_7a3ae7126c34,"{""hidden_cells"":[""c16_16""]}"
qsg_80b957e986d5,"{""hidden_cells"":[""c16_16""]}"
qsg_e78181fac184,"{""hidden_cells"":[""c16_16""]}"
qsg_2283b694118a,"{""hidden_cells"":[""c16_16""]}"
qsg_d2f9e2fdea24,"{""hidden_cells"":[""c16_16""]}"
qsg_eb081fb9470b,"{""hidden_cells"":[""c16_16""]}"
qsg_6c15eade8e08,"{""hidden_cells"":[""c16_16""]}"
qsg_082f421ee78b,"{""hidden_cells"":[""c16_16""]}"
qsg_15750cb568ce,"{""hidden_cells"":[""c16_16""]}"
qsg_1848da43927b,"{""hidden_cells"":[""c16_16""]}"
qsg_36df9e60ef20,"{""hidden_cells"":[""c16_16""]}"
qsg_acf27c1bcbb1,"{""hidden_cells"":[""c16_16""]}"
qsg_d23955654f4e,"{""hidden_cells"":[""c16_16""]}"
qsg_254b1667fb25,"{""hidden_cells"":[""c16_16""]}"
qsg_139b6a3a9ea2,"{""hidden_cells"":[""c16_16""]}"
qsg_5d69ee9db35b,"{""hidden_cells"":[""c16_16""]}"
qsg_ddb5cc8ff918,"{""hidden_cells"":[""c16_16""]}"
qsg_62a461b18066,"{""hidden_cells"":[""c16_16""]}"
qsg_af755e28780b,"{""hidden_cells"":[""c16_16""]}"
qsg_df07dd5e73fe,"{""hidden_cells"":[""c16_16""]}"
qsg_1d2af1897099,"{""hidden_cells"":[""c16_16""]}"
qsg_9e701ae162fc,"{""hidden_cells"":[""c16_16""]}"
qsg_f3cce27c1a55,"{""hidden_cells"":[""c16_16""]}"
qsg_d11b2c47235f,"{""hidden_cells"":[""c16_16""]}"
qsg_6878e8e91b07,"{""hidden_cells"":[""c16_16""]}"
qsg_8320d1780ee9,"{""hidden_cells"":[""c16_16""]}"
qsg_5da73234f470,"{""hidden_cells"":[""c16_16""]}"
qsg_6710f3dae0bd,"{""hidden_cells"":[""c16_16""]}"
qsg_7579869a0af4,"{""hidden_cells"":[""c16_16""]}"
qsg_8964f37981a3,"{""hidden_cells"":[""c16_16""]}"
qsg_f7f8eca02c03,"{""hidden_cells"":[""c16_16""]}"
qsg_98a708f85244,"{""hidden_cells"":[""c16_16""]}"
qsg_538d226989c9,"{""hidden_cells"":[""c16_16""]}"
qsg_f737c221a423,"{""hidden_cells"":[""c16_16""]}"
qsg_d7d0392041ed,"{""hidden_cells"":[""c16_16""]}"
qsg_41f917b0a1d8,"{""hidden_cells"":[""c16_16""]}"
qsg_2d140184cb03,"{""hidden_cells"":[""c16_16""]}"
qsg_0ee5029bb14f,"{""hidden_cells"":[""c16_16""]}"
qsg_fd6cf3768c0b,"{""hidden_cells"":[""c16_16""]}"
qsg_8fe6a73af3a0,"{""hidden_cells"":[""c16_16""]}"
qsg_55cc3580ea7f,"{""hidden_cells"":[""c16_16""]}"
qsg_f2f833282775,"{""hidden_cells"":[""c16_16""]}"
qsg_7be0110c193f,"{""hidden_cells"":[""c16_16""]}"
qsg_44b7b46da483,"{""hidden_cells"":[""c16_16""]}"
qsg_46cee15c03cd,"{""hidden_cells"":[""c16_16""]}"
qsg_9dbce33c9e6a,"{""hidden_cells"":[""c16_16""]}"
qsg_b7af40b32d8f,"{""hidden_cells"":[""c16_16""]}"
qsg_75fea6901b4f,"{""hidden_cells"":[""c16_16""]}"
qsg_600a2765caf9,"{""hidden_cells"":[""c16_16""]}"
qsg_c40cfc2dadb9,"{""hidden_cells"":[""c16_16""]}"
qsg_e0d451760271,"{""hidden_cells"":[""c16_16""]}"
qsg_54b9041c5644,"{""hidden_cells"":[""c16_16""]}"
qsg_1cb81b6a3bbe,"{""hidden_cells"":[""c16_16""]}"
qsg_54c4ba12abb6,"{""hidden_cells"":[""c16_16""]}"
qsg_32fd9dc2b3e7,"{""hidden_cells"":[""c16_16""]}"
qsg_d2627ff00212,"{""hidden_cells"":[""c16_16""]}"
qsg_eb2124b665ae,"{""hidden_cells"":[""c16_16""]}"
qsg_6030558002bb,"{""hidden_cells"":[""c16_16""]}"
qsg_c3ec125f12d6,"{""hidden_cells"":[""c16_16""]}"
qsg_2a23902967e6,"{""hidden_cells"":[""c16_16""]}"
qsg_5e05fb951428,"{""hidden_cells"":[""c16_16""]}"
qsg_bc25f25cd0a9,"{""hidden_cells"":[""c16_16""]}"
qsg_c0984f64df1e,"{""hidden_cells"":[""c16_16""]}"
qsg_d9dbe5f7da61,"{""hidden_cells"":[""c16_16""]}"
qsg_02226f09d25e,"{""hidden_cells"":[""c16_16""]}"
qsg_dfb751bc66c4,"{""hidden_cells"":[""c16_16""]}"
qsg_e78f63343347,"{""hidden_cells"":[""c16_16""]}"
qsg_837262e5231e,"{""hidden_cells"":[""c16_16""]}"
qsg_093befb5ae5e,"{""hidden_cells"":[""c16_16""]}"
qsg_58231a542f67,"{""hidden_cells"":[""c16_16""]}"
qsg_5742e8fa3e92,"{""hidden_cells"":[""c16_16""]}"
qsg_bc824f25cacf,"{""hidden_cells"":[""c16_16""]}"
qsg_6f94243a99ad,"{""hidden_cells"":[""c16_16""]}"
qsg_28da91172009,"{""hidden_cells"":[""c16_16""]}"
qsg_62b3c787c8c6,"{""hidden_cells"":[""c16_16""]}"
qsg_9322958601e4,"{""hidden_cells"":[""c16_16""]}"
qsg_fed46d5b770e,"{""hidden_cells"":[""c16_16""]}"
qsg_0b2bf7ff5329,"{""hidden_cells"":[""c16_16""]}"
qsg_ccf7047a0cdf,"{""hidden_cells"":[""c16_16""]}"
qsg_b2acda89fc82,"{""hidden_cells"":[""c16_16""]}"
qsg_d9a6ffc6875a,"{""hidden_cells"":[""c16_16""]}"
qsg_ea288e7959c0,"{""hidden_cells"":[""c16_16""]}"
qsg_55759739dd39,"{""hidden_cells"":[""c16_16""]}"
qsg_5e5d8e36446d,"{""hidden_cells"":[""c16_16""]}"
qsg_efe85e7a116a,"{""hidden_cells"":[""c16_16""]}"
qsg_c220d543200c,"{""hidden_cells"":[""c16_16""]}"
qsg_defbed7f3ba0,"{""hidden_cells"":[""c16_16""]}"
qsg_6e45fd7687b5,"{""hidden_cells"":[""c16_16""]}"
qsg_530bc2150a71,"{""hidden_cells"":[""c16_16""]}"
qsg_31bdb6a51a68,"{""hidden_cells"":[""c16_16""]}"
qsg_dfeb928c66e4,"{""hidden_cells"":[""c16_16""]}"
qsg_c24dc19d93e0,"{""hidden_cells"":[""c16_16""]}"
qsg_138efd7383c1,"{""hidden_cells"":[""c16_16""]}"
qsg_0c9d94764cc9,"{""hidden_cells"":[""c16_16""]}"
qsg_dd9f33fa9ecc,"{""hidden_cells"":[""c16_16""]}"
qsg_5051e8b9214b,"{""hidden_cells"":[""c16_16""]}"
qsg_a955296985d2,"{""hidden_cells"":[""c16_16""]}"
qsg_eb879e330b87,"{""hidden_cells"":[""c16_16""]}"
qsg_9b26a36c02cf,"{""hidden_cells"":[""c16_16""]}"
qsg_2b09d303309b,"{""hidden_cells"":[""c16_16""]}"
qsg_73545ea879c8,"{""hidden_cells"":[""c16_16""]}"
qsg_6a262c71a470,"{""hidden_cells"":[""c16_16""]}"
qsg_21ea0a8e2658,"{""hidden_cells"":[""c16_16""]}"
qsg_2be567838cf5,"{""hidden_cells"":[""c16_16""]}"
qsg_1bfb90a142f0,"{""hidden_cells"":[""c16_16""]}"
qsg_9f5583513c5f,"{""hidden_cells"":[""c16_16""]}"
qsg_fe7dde8fb182,"{""hidden_cells"":[""c16_16""]}"
qsg_2bde86fbb606,"{""hidden_cells"":[""c16_16""]}"
qsg_d15674964573,"{""hidden_cells"":[""c16_16""]}"
qsg_46117523c57a,"{""hidden_cells"":[""c16_16""]}"
qsg_f873ad9314a5,"{""hidden_cells"":[""c16_16""]}"
qsg_bf08d3886e79,"{""hidden_cells"":[""c16_16""]}"
qsg_8fc239792e94,"{""hidden_cells"":[""c16_16""]}"
qsg_9b606551c176,"{""hidden_cells"":[""c16_16""]}"
qsg_2ddf7dfb6a90,"{""hidden_cells"":[""c16_16""]}"
qsg_80e7a5708d40,"{""hidden_cells"":[""c16_16""]}"
qsg_a59204f16db2,"{""hidden_cells"":[""c16_16""]}"
qsg_fe4d357c7039,"{""hidden_cells"":[""c16_16""]}"
qsg_0f22b6a1409b,"{""hidden_cells"":[""c16_16""]}"
qsg_29442c956e7e,"{""hidden_cells"":[""c16_16""]}"
qsg_f52b15422576,"{""hidden_cells"":[""c16_16""]}"
qsg_cb066ecfe165,"{""hidden_cells"":[""c16_16""]}"
qsg_1f9fd0781204,"{""hidden_cells"":[""c16_16""]}"
qsg_519a353ff0da,"{""hidden_cells"":[""c16_16""]}"
qsg_aea1e1512eec,"{""hidden_cells"":[""c16_16""]}"
qsg_eacf731f6bbc,"{""hidden_cells"":[""c16_16""]}"
qsg_6c9e36290c79,"{""hidden_cells"":[""c16_16""]}"
qsg_a8246a9029af,"{""hidden_cells"":[""c16_16""]}"
qsg_a04319207d04,"{""hidden_cells"":[""c16_16""]}"
qsg_1054d2c9c1ad,"{""hidden_cells"":[""c16_16""]}"
qsg_e5b62f365513,"{""hidden_cells"":[""c16_16""]}"
qsg_4d7c1d5169a2,"{""hidden_cells"":[""c16_16""]}"
qsg_9737e8cead53,"{""hidden_cells"":[""c16_16""]}"
qsg_c5238aff2c33,"{""hidden_cells"":[""c16_16""]}"
qsg_7023c3c8cee7,"{""hidden_cells"":[""c16_16""]}"
qsg_33a41557f99c,"{""hidden_cells"":[""c16_16""]}"
qsg_8030fc8f0120,"{""hidden_cells"":[""c16_16""]}"
qsg_b642bd0c8aac,"{""hidden_cells"":[""c16_16""]}"
qsg_40a2c6228111,"{""hidden_cells"":[""c16_16""]}"
qsg_096f71138cbc,"{""hidden_cells"":[""c16_16""]}"
qsg_4322ec1b3212,"{""hidden_cells"":[""c16_16""]}"
qsg_8cd6f368445f,"{""hidden_cells"":[""c16_16""]}"
qsg_4fae160c6487,"{""hidden_cells"":[""c16_16""]}"
qsg_a45625499f34,"{""hidden_cells"":[""c16_16""]}"
qsg_2bec7ad90269,"{""hidden_cells"":[""c16_16""]}"
qsg_ff4c3e02ba3f,"{""hidden_cells"":[""c16_16""]}"
qsg_74c8792ee481,"{""hidden_cells"":[""c16_16""]}"
qsg_c798106dc9f5,"{""hidden_cells"":[""c16_16""]}"
qsg_df4a8b2fb2e2,"{""hidden_cells"":[""c16_16""]}"
qsg_f44467f32f3e,"{""hidden_cells"":[""c16_16""]}"
qsg_1ba426fd265a,"{""hidden_cells"":[""c16_16""]}"
qsg_3c168ddeb810,"{""hidden_cells"":[""c16_16""]}"
qsg_721253b93c9d,"{""hidden_cells"":[""c16_16""]}"
qsg_ead74419f50d,"{""hidden_cells"":[""c16_16""]}"
qsg_b0c313bb045a,"{""hidden_cells"":[""c16_16""]}"
qsg_58816d7fbb84,"{""hidden_cells"":[""c16_16""]}"
qsg_fe81fc53159b,"{""hidden_cells"":[""c16_16""]}"
qsg_c913e47a04ea,"{""hidden_cells"":[""c16_16""]}"
qsg_9e4f030cf62e,"{""hidden_cells"":[""c16_16""]}"
qsg_9bfcb418e8af,"{""hidden_cells"":[""c16_16""]}"
qsg_764f06b32822,"{""hidden_cells"":[""c16_16""]}"
qsg_89c4f95aa9d5,"{""hidden_cells"":[""c16_16""]}"
qsg_35f5f8d7da05,"{""hidden_cells"":[""c16_16""]}"
qsg_b33879569034,"{""hidden_cells"":[""c16_16""]}"
qsg_de00462ed582,"{""hidden_cells"":[""c16_16""]}"
qsg_8f2f49a2fc4b,"{""hidden_cells"":[""c16_16""]}"
qsg_d04e075db1ba,"{""hidden_cells"":[""c16_16""]}"
qsg_2b8801d70d24,"{""hidden_cells"":[""c16_16""]}"
qsg_803cd4880d06,"{""hidden_cells"":[""c16_16""]}"
qsg_3f5bc04d0456,"{""hidden_cells"":[""c16_16""]}"
qsg_a656fbd62fab,"{""hidden_cells"":[""c16_16""]}"
qsg_ae26baf70452,"{""hidden_cells"":[""c16_16""]}"
qsg_d9fcb085f6f6,"{""hidden_cells"":[""c16_16""]}"
qsg_5ceed557dac1,"{""hidden_cells"":[""c16_16""]}"
qsg_cc96d393c4e5,"{""hidden_cells"":[""c16_16""]}"
qsg_b1c39298d5fe,"{""hidden_cells"":[""c16_16""]}"
qsg_d081faebe7f2,"{""hidden_cells"":[""c16_16""]}"
qsg_656a56ae9632,"{""hidden_cells"":[""c16_16""]}"
qsg_53643797457d,"{""hidden_cells"":[""c16_16""]}"
qsg_735262fdb815,"{""hidden_cells"":[""c16_16""]}"
qsg_25e2e2663d04,"{""hidden_cells"":[""c16_16""]}"
qsg_cfb880cf05d4,"{""hidden_cells"":[""c16_16""]}"
qsg_1a8396576312,"{""hidden_cells"":[""c16_16""]}"
qsg_e2614bcc11f5,"{""hidden_cells"":[""c16_16""]}"
qsg_6f84dab77519,"{""hidden_cells"":[""c16_16""]}"
qsg_d97d7b10b3ca,"{""hidden_cells"":[""c16_16""]}"
qsg_2dfaa2b2e61c,"{""hidden_cells"":[""c16_16""]}"
qsg_8b71c50c0f5a,"{""hidden_cells"":[""c16_16""]}"
qsg_3e143939aeb7,"{""hidden_cells"":[""c16_16""]}"
qsg_77387e2a68ac,"{""hidden_cells"":[""c16_16""]}"
qsg_877550e08a56,"{""hidden_cells"":[""c16_16""]}"
qsg_b4543223af51,"{""hidden_cells"":[""c16_16""]}"
qsg_1d360b25eae8,"{""hidden_cells"":[""c16_16""]}"
qsg_5333b462ec16,"{""hidden_cells"":[""c16_16""]}"
qsg_59d496edf791,"{""hidden_cells"":[""c16_16""]}"
qsg_feb8347029a9,"{""hidden_cells"":[""c16_16""]}"
qsg_eb60e0d66ede,"{""hidden_cells"":[""c16_16""]}"
qsg_973522e5b005,"{""hidden_cells"":[""c16_16""]}"
qsg_db54e29c9b27,"{""hidden_cells"":[""c16_16""]}"
qsg_a3224948c3ab,"{""hidden_cells"":[""c16_16""]}"
qsg_deca0bdd3433,"{""hidden_cells"":[""c16_16""]}"
qsg_fc3806343729,"{""hidden_cells"":[""c16_16""]}"
qsg_63ced67f7aca,"{""hidden_cells"":[""c16_16""]}"
qsg_615eb9052d0d,"{""hidden_cells"":[""c16_16""]}"
qsg_01927b1ba3d3,"{""hidden_cells"":[""c16_16""]}"
qsg_69678bca797a,"{""hidden_cells"":[""c16_16""]}"
qsg_21ff9a799717,"{""hidden_cells"":[""c16_16""]}"
qsg_8fb0e4429ca0,"{""hidden_cells"":[""c16_16""]}"
qsg_e5a10ce18ae3,"{""hidden_cells"":[""c16_16""]}"
qsg_684c9be0b211,"{""hidden_cells"":[""c16_16""]}"
qsg_15189089185d,"{""hidden_cells"":[""c16_16""]}"
qsg_a6851f23364a,"{""hidden_cells"":[""c16_16""]}"
qsg_5734f23e9ef8,"{""hidden_cells"":[""c16_16""]}"
qsg_1dc8b91c4bd8,"{""hidden_cells"":[""c16_16""]}"
qsg_c5678923f56c,"{""hidden_cells"":[""c16_16""]}"
qsg_4a065f24e64b,"{""hidden_cells"":[""c16_16""]}"
qsg_dbeb2efcbbe1,"{""hidden_cells"":[""c16_16""]}"
qsg_39531bed7f3a,"{""hidden_cells"":[""c16_16""]}"
qsg_243f46a3b4eb,"{""hidden_cells"":[""c16_16""]}"
qsg_4ae818f92fa6,"{""hidden_cells"":[""c16_16""]}"
qsg_0594c11443ff,"{""hidden_cells"":[""c16_16""]}"
qsg_eced12ea1319,"{""hidden_cells"":[""c16_16""]}"
qsg_c41f45e5d472,"{""hidden_cells"":[""c16_16""]}"
qsg_7771edab490f,"{""hidden_cells"":[""c16_16""]}"
qsg_bcf1e410dc43,"{""hidden_cells"":[""c16_16""]}"
qsg_a34867edca22,"{""hidden_cells"":[""c16_16""]}"
qsg_26e40f798773,"{""hidden_cells"":[""c16_16""]}"
qsg_2ef2b94f48dc,"{""hidden_cells"":[""c16_16""]}"
qsg_fe75eea8c3ec,"{""hidden_cells"":[""c16_16""]}"
qsg_ea1fb8a68d34,"{""hidden_cells"":[""c16_16""]}"
qsg_da2334d31dad,"{""hidden_cells"":[""c16_16""]}"
qsg_8f4146a9c124,"{""hidden_cells"":[""c16_16""]}"
qsg_7ee5555c712e,"{""hidden_cells"":[""c16_16""]}"
qsg_ec4f973b6bbf,"{""hidden_cells"":[""c16_16""]}"
qsg_eb1017405983,"{""hidden_cells"":[""c16_16""]}"
qsg_85ade659f056,"{""hidden_cells"":[""c16_16""]}"
qsg_18df086418cf,"{""hidden_cells"":[""c16_16""]}"
qsg_3adc7b841d4f,"{""hidden_cells"":[""c16_16""]}"
qsg_edecc88e63fe,"{""hidden_cells"":[""c16_16""]}"
qsg_d6b918aaf582,"{""hidden_cells"":[""c16_16""]}"
qsg_bb525756c590,"{""hidden_cells"":[""c16_16""]}"
qsg_6e77510ec371,"{""hidden_cells"":[""c16_16""]}"
qsg_6c631d6d654f,"{""hidden_cells"":[""c16_16""]}"
qsg_348d3d9c7100,"{""hidden_cells"":[""c16_16""]}"
qsg_b894848273d4,"{""hidden_cells"":[""c16_16""]}"
qsg_13802c26efa6,"{""hidden_cells"":[""c16_16""]}"
qsg_233766e3d339,"{""hidden_cells"":[""c16_16""]}"
qsg_281800079f5e,"{""hidden_cells"":[""c16_16""]}"
qsg_67fcbfb97a4e,"{""hidden_cells"":[""c16_16""]}"
qsg_945c51227914,"{""hidden_cells"":[""c16_16""]}"
qsg_f3002b564095,"{""hidden_cells"":[""c16_16""]}"
qsg_47033c69f267,"{""hidden_cells"":[""c16_16""]}"
qsg_77bc7294ff98,"{""hidden_cells"":[""c16_16""]}"
qsg_bef2d754d997,"{""hidden_cells"":[""c16_16""]}"
qsg_51cc83e93676,"{""hidden_cells"":[""c16_16""]}"
qsg_3d6cecb757bf,"{""hidden_cells"":[""c16_16""]}"
qsg_061cf823b283,"{""hidden_cells"":[""c16_16""]}"
qsg_6c53b4d37ba8,"{""hidden_cells"":[""c16_16""]}"
qsg_1c01b50c7d0a,"{""hidden_cells"":[""c16_16""]}"
qsg_03929082815f,"{""hidden_cells"":[""c16_16""]}"
qsg_9eb0110fe2a7,"{""hidden_cells"":[""c16_16""]}"
qsg_c70fd035ef61,"{""hidden_cells"":[""c16_16""]}"
qsg_841077ad770d,"{""hidden_cells"":[""c16_16""]}"
qsg_a9348e92f287,"{""hidden_cells"":[""c16_16""]}"
qsg_b398d00319ac,"{""hidden_cells"":[""c16_16""]}"
qsg_d047f52bc4e2,"{""hidden_cells"":[""c16_16""]}"
qsg_315e67bf5e8c,"{""hidden_cells"":[""c16_16""]}"
qsg_4e756ded7064,"{""hidden_cells"":[""c16_16""]}"
qsg_7b7ff5c97ce3,"{""hidden_cells"":[""c16_16""]}"
qsg_5abe0f807612,"{""hidden_cells"":[""c16_16""]}"
qsg_b6d9c2e4e2b7,"{""hidden_cells"":[""c16_16""]}"
qsg_7d4af0441f9d,"{""hidden_cells"":[""c16_16""]}"
qsg_231a457c49ac,"{""hidden_cells"":[""c16_16""]}"
qsg_36d53cf8a83b,"{""hidden_cells"":[""c16_16""]}"
qsg_1e7837d3b8b3,"{""hidden_cells"":[""c16_16""]}"
qsg_78fc485ddf03,"{""hidden_cells"":[""c16_16""]}"
qsg_396bab4fc3d3,"{""hidden_cells"":[""c16_16""]}"
qsg_8a8b98417ddd,"{""hidden_cells"":[""c16_16""]}"
qsg_62967bede474,"{""hidden_cells"":[""c16_16""]}"
qsg_2d8865983e97,"{""hidden_cells"":[""c16_16""]}"
qsg_7f9c1610b221,"{""hidden_cells"":[""c16_16""]}"
qsg_775415ff036f,"{""hidden_cells"":[""c16_16""]}"
qsg_da1f973c2363,"{""hidden_cells"":[""c16_16""]}"
qsg_4386220412a8,"{""hidden_cells"":[""c16_16""]}"
qsg_34a7f260020c,"{""hidden_cells"":[""c16_16""]}"
qsg_d8444cec4dd5,"{""hidden_cells"":[""c16_16""]}"
qsg_7b1b74761d2a,"{""hidden_cells"":[""c16_16""]}"
qsg_d7d1fbec3b24,"{""hidden_cells"":[""c16_16""]}"
qsg_74babde6d1bd,"{""hidden_cells"":[""c16_16""]}"
qsg_3e52706328a4,"{""hidden_cells"":[""c16_16""]}"
qsg_e14315942356,"{""hidden_cells"":[""c16_16""]}"
qsg_55a1fb44ffd3,"{""hidden_cells"":[""c16_16""]}"
qsg_93f5c0eebc4f,"{""hidden_cells"":[""c16_16""]}"
qsg_4d77bcd3e87e,"{""hidden_cells"":[""c16_16""]}"
qsg_e2b0b16d4921,"{""hidden_cells"":[""c16_16""]}"
qsg_9a9a775f0100,"{""hidden_cells"":[""c16_16""]}"
qsg_610bc3fb736c,"{""hidden_cells"":[""c16_16""]}"
qsg_706bc13dfcb8,"{""hidden_cells"":[""c16_16""]}"
qsg_5d46df2ec55b,"{""hidden_cells"":[""c16_16""]}"
qsg_83eb6a258e86,"{""hidden_cells"":[""c16_16""]}"
qsg_0051ea41f115,"{""hidden_cells"":[""c16_16""]}"
qsg_9b2813de5b10,"{""hidden_cells"":[""c16_16""]}"
qsg_6ea32501497e,"{""hidden_cells"":[""c16_16""]}"
qsg_ac9d5df1ea67,"{""hidden_cells"":[""c16_16""]}"
qsg_ec6dd1a259e7,"{""hidden_cells"":[""c16_16""]}"
qsg_2a876a9d1001,"{""hidden_cells"":[""c16_16""]}"
qsg_638c9426caa1,"{""hidden_cells"":[""c16_16""]}"
qsg_2169e39bc260,"{""hidden_cells"":[""c16_16""]}"
qsg_072fc4a657d2,"{""hidden_cells"":[""c16_16""]}"
qsg_fbf15b91104f,"{""hidden_cells"":[""c16_16""]}"
qsg_ce51d763e3e3,"{""hidden_cells"":[""c16_16""]}"
qsg_200470ecbdba,"{""hidden_cells"":[""c16_16""]}"
qsg_b02fbded516a,"{""hidden_cells"":[""c16_16""]}"
qsg_b34a54dfad54,"{""hidden_cells"":[""c16_16""]}"
qsg_622f224d6cef,"{""hidden_cells"":[""c16_16""]}"
qsg_5dbd41383e7b,"{""hidden_cells"":[""c16_16""]}"
qsg_803bed6cf06d,"{""hidden_cells"":[""c16_16""]}"
qsg_0f00646b285b,"{""hidden_cells"":[""c16_16""]}"
qsg_53103292ac88,"{""hidden_cells"":[""c16_16""]}"
qsg_d620ca3c260d,"{""hidden_cells"":[""c16_16""]}"
qsg_80898d82570e,"{""hidden_cells"":[""c16_16""]}"
qsg_96eb48871bdb,"{""hidden_cells"":[""c16_16""]}"
qsg_aebe05da8e12,"{""hidden_cells"":[""c16_16""]}"
qsg_afce59163d7d,"{""hidden_cells"":[""c16_16""]}"
qsg_d2bd5d03ffaa,"{""hidden_cells"":[""c16_16""]}"
qsg_f5e1c8131a49,"{""hidden_cells"":[""c16_16""]}"
qsg_da339446db0c,"{""hidden_cells"":[""c16_16""]}"
qsg_5a4287b1dc2d,"{""hidden_cells"":[""c16_16""]}"
qsg_b5ba94136116,"{""hidden_cells"":[""c16_16""]}"
qsg_5fce45345a6d,"{""hidden_cells"":[""c16_16""]}"
qsg_2ad66f24ec11,"{""hidden_cells"":[""c16_16""]}"
qsg_a7381bc13acc,"{""hidden_cells"":[""c16_16""]}"
qsg_27fdf3b71584,"{""hidden_cells"":[""c16_16""]}"
qsg_b81f70565cc2,"{""hidden_cells"":[""c16_16""]}"
qsg_f4e6c7b4593c,"{""hidden_cells"":[""c16_16""]}"
qsg_9b15a1e86637,"{""hidden_cells"":[""c16_16""]}"
qsg_0723ae4228b7,"{""hidden_cells"":[""c16_16""]}"
qsg_eb577851fe81,"{""hidden_cells"":[""c16_16""]}"
qsg_b8e2da81c6a3,"{""hidden_cells"":[""c16_16""]}"
qsg_f255eae9f08c,"{""hidden_cells"":[""c16_16""]}"
qsg_a08db1c83ebb,"{""hidden_cells"":[""c16_16""]}"
qsg_dd1cf99e7ee0,"{""hidden_cells"":[""c16_16""]}"
qsg_40d1a64d90cd,"{""hidden_cells"":[""c16_16""]}"
qsg_e207df15a8d2,"{""hidden_cells"":[""c16_16""]}"
qsg_7cf0e74ffd49,"{""hidden_cells"":[""c16_16""]}"
qsg_421c03dd9213,"{""hidden_cells"":[""c16_16""]}"
qsg_ea4671282adf,"{""hidden_cells"":[""c16_16""]}"
qsg_651051d17cde,"{""hidden_cells"":[""c16_16""]}"
qsg_7b09d1a29f0a,"{""hidden_cells"":[""c16_16""]}"
qsg_7579f80f65a4,"{""hidden_cells"":[""c16_16""]}"
qsg_730a8e5fb06b,"{""hidden_cells"":[""c16_16""]}"
qsg_027898044c77,"{""hidden_cells"":[""c16_16""]}"
qsg_49f2e8dba7ae,"{""hidden_cells"":[""c16_16""]}"
qsg_dfde4b079ace,"{""hidden_cells"":[""c16_16""]}"
qsg_3271ddeb113a,"{""hidden_cells"":[""c16_16""]}"
qsg_a1fd8cad6dcd,"{""hidden_cells"":[""c16_16""]}"
qsg_7954a79f9527,"{""hidden_cells"":[""c16_16""]}"
qsg_a1784176ac44,"{""hidden_cells"":[""c16_16""]}"
qsg_9f6851e1ef80,"{""hidden_cells"":[""c16_16""]}"
qsg_2c5f0b8d0bde,"{""hidden_cells"":[""c16_16""]}"
qsg_4ab3da95a7b1,"{""hidden_cells"":[""c16_16""]}"
qsg_13a0d4be7e2e,"{""hidden_cells"":[""c16_16""]}"
qsg_1a93463b1aab,"{""hidden_cells"":[""c16_16""]}"
qsg_8bc68ce32b05,"{""hidden_cells"":[""c16_16""]}"
qsg_c923a2eaff6d,"{""hidden_cells"":[""c16_16""]}"
qsg_6cc717189d0b,"{""hidden_cells"":[""c16_16""]}"
qsg_7c86022e4cac,"{""hidden_cells"":[""c16_16""]}"
qsg_d3f5f755b98d,"{""hidden_cells"":[""c16_16""]}"
qsg_f12a4f8036c5,"{""hidden_cells"":[""c16_16""]}"
qsg_b9e5326aea22,"{""hidden_cells"":[""c16_16""]}"
qsg_8cc107427df1,"{""hidden_cells"":[""c16_16""]}"
qsg_27d4ab8aaa67,"{""hidden_cells"":[""c16_16""]}"
qsg_b984bc396eda,"{""hidden_cells"":[""c16_16""]}"
qsg_7580e61e1090,"{""hidden_cells"":[""c16_16""]}"
qsg_b1b248112df2,"{""hidden_cells"":[""c16_16""]}"
qsg_9a5a2af36960,"{""hidden_cells"":[""c16_16""]}"
qsg_ff0368e40a0f,"{""hidden_cells"":[""c16_16""]}"
qsg_4c7fbba9a307,"{""hidden_cells"":[""c16_16""]}"
qsg_8a6e92d89af0,"{""hidden_cells"":[""c16_16""]}"
qsg_6f6e3730c82c,"{""hidden_cells"":[""c16_16""]}"
qsg_12ebf85f6c1c,"{""hidden_cells"":[""c16_16""]}"
qsg_0ae543542382,"{""hidden_cells"":[""c16_16""]}"
qsg_184f250aec43,"{""hidden_cells"":[""c16_16""]}"
qsg_48ae886a3112,"{""hidden_cells"":[""c16_16""]}"
qsg_d2ca11794364,"{""hidden_cells"":[""c16_16""]}"
qsg_4ad109913c20,"{""hidden_cells"":[""c16_16""]}"
qsg_6701e96629dc,"{""hidden_cells"":[""c16_16""]}"
qsg_53beadbc84cd,"{""hidden_cells"":[""c16_16""]}"
qsg_9cbdd1269bf0,"{""hidden_cells"":[""c16_16""]}"
qsg_b3bd0f99a9e7,"{""hidden_cells"":[""c16_16""]}"
qsg_9b376f37a90c,"{""hidden_cells"":[""c16_16""]}"
qsg_2e7b3d4020df,"{""hidden_cells"":[""c16_16""]}"
qsg_40aab5de7984,"{""hidden_cells"":[""c16_16""]}"
qsg_0b07428cf7fd,"{""hidden_cells"":[""c16_16""]}"
qsg_a74966ac47f9,"{""hidden_cells"":[""c16_16""]}"
qsg_82f65c561c90,"{""hidden_cells"":[""c16_16""]}"
qsg_542eca61dc7e,"{""hidden_cells"":[""c16_16""]}"
qsg_b7685f301d29,"{""hidden_cells"":[""c16_16""]}"
qsg_36d73fbbca90,"{""hidden_cells"":[""c16_16""]}"
qsg_3becb87f2c14,"{""hidden_cells"":[""c16_16""]}"
qsg_b6dc9d52162f,"{""hidden_cells"":[""c16_16""]}"
qsg_5b76165df878,"{""hidden_cells"":[""c16_16""]}"
qsg_a35674838d52,"{""hidden_cells"":[""c16_16""]}"
qsg_ab577cc9894e,"{""hidden_cells"":[""c16_16""]}"
qsg_9b139c796fc8,"{""hidden_cells"":[""c16_16""]}"
qsg_1f7b59086a23,"{""hidden_cells"":[""c16_16""]}"
qsg_1a13aeef0282,"{""hidden_cells"":[""c16_16""]}"
qsg_91aa45740ce5,"{""hidden_cells"":[""c16_16""]}"
qsg_0eabb599f4e3,"{""hidden_cells"":[""c16_16""]}"
qsg_1a4e8832dad0,"{""hidden_cells"":[""c16_16""]}"
qsg_a01c22f15dbb,"{""hidden_cells"":[""c16_16""]}"
qsg_8a336d60d546,"{""hidden_cells"":[""c16_16""]}"
qsg_2573da01febb,"{""hidden_cells"":[""c16_16""]}"
qsg_bad560aa5a24,"{""hidden_cells"":[""c16_16""]}"
qsg_3b4b414557d1,"{""hidden_cells"":[""c16_16""]}"
qsg_ddeb1bf3c620,"{""hidden_cells"":[""c16_16""]}"
qsg_d218050d874d,"{""hidden_cells"":[""c16_16""]}"
qsg_87656c0901ef,"{""hidden_cells"":[""c16_16""]}"
qsg_2bebe5bbe0fe,"{""hidden_cells"":[""c16_16""]}"
qsg_16e517fa6b3b,"{""hidden_cells"":[""c16_16""]}"
qsg_fb9e5620fd82,"{""hidden_cells"":[""c16_16""]}"
qsg_0e6852931546,"{""hidden_cells"":[""c16_16""]}"
qsg_ffd254defb76,"{""hidden_cells"":[""c16_16""]}"
qsg_e25c7941ee43,"{""hidden_cells"":[""c16_16""]}"
qsg_841ffc571bd4,"{""hidden_cells"":[""c16_16""]}"
qsg_4a8b07898e7e,"{""hidden_cells"":[""c16_16""]}"
qsg_25ed5b8fee3c,"{""hidden_cells"":[""c16_16""]}"
qsg_0cf4774a7282,"{""hidden_cells"":[""c16_16""]}"
qsg_c3974b211a96,"{""hidden_cells"":[""c16_16""]}"
qsg_3085fbc2f320,"{""hidden_cells"":[""c16_16""]}"
qsg_4580feaa4454,"{""hidden_cells"":[""c16_16""]}"
qsg_3334e13b9a7e,"{""hidden_cells"":[""c16_16""]}"
qsg_4b383536b309,"{""hidden_cells"":[""c16_16""]}"
qsg_a2f63ffa3c44,"{""hidden_cells"":[""c16_16""]}"
qsg_6983a50033d3,"{""hidden_cells"":[""c16_16""]}"
qsg_aba0f480ed56,"{""hidden_cells"":[""c16_16""]}"
qsg_a16c9a5f2d72,"{""hidden_cells"":[""c16_16""]}"
qsg_e105de1c86f2,"{""hidden_cells"":[""c16_16""]}"
qsg_9e4fb40c1da3,"{""hidden_cells"":[""c16_16""]}"
qsg_87219df4d4fd,"{""hidden_cells"":[""c16_16""]}"
qsg_8ed65da6c15b,"{""hidden_cells"":[""c16_16""]}"
qsg_e01694baaf08,"{""hidden_cells"":[""c16_16""]}"
qsg_b42afb96b553,"{""hidden_cells"":[""c16_16""]}"
qsg_1fb94784043c,"{""hidden_cells"":[""c16_16""]}"
qsg_124c25aa6b71,"{""hidden_cells"":[""c16_16""]}"
qsg_d957c9834305,"{""hidden_cells"":[""c16_16""]}"
qsg_5e8da2363958,"{""hidden_cells"":[""c16_16""]}"
qsg_9772d8e9fb99,"{""hidden_cells"":[""c16_16""]}"
qsg_d876abdd12be,"{""hidden_cells"":[""c16_16""]}"
qsg_aa114243019b,"{""hidden_cells"":[""c16_16""]}"
qsg_2f4c7f555ed8,"{""hidden_cells"":[""c16_16""]}"
qsg_c6572eae2b10,"{""hidden_cells"":[""c16_16""]}"
qsg_a9b178fc0bc5,"{""hidden_cells"":[""c16_16""]}"
qsg_30f72a5e724f,"{""hidden_cells"":[""c16_16""]}"
qsg_dab7df5706d7,"{""hidden_cells"":[""c16_16""]}"
qsg_f411cfd128b5,"{""hidden_cells"":[""c16_16""]}"
qsg_2fda10e01e5e,"{""hidden_cells"":[""c16_16""]}"
qsg_847f118ee9d8,"{""hidden_cells"":[""c16_16""]}"
qsg_793dad45fa7d,"{""hidden_cells"":[""c16_16""]}"
qsg_f1df0b58c4b5,"{""hidden_cells"":[""c16_16""]}"
qsg_136727ffde04,"{""hidden_cells"":[""c16_16""]}"
qsg_543bd8bb6d0b,"{""hidden_cells"":[""c16_16""]}"
qsg_17e310cdc6c1,"{""hidden_cells"":[""c16_16""]}"
qsg_ae7af2c368d8,"{""hidden_cells"":[""c16_16""]}"
qsg_76d9b64dba64,"{""hidden_cells"":[""c16_16""]}"
qsg_4bd295349ef8,"{""hidden_cells"":[""c16_16""]}"
qsg_af9e3e0f3ae1,"{""hidden_cells"":[""c16_16""]}"
qsg_37f883405e4e,"{""hidden_cells"":[""c16_16""]}"
qsg_051d58478452,"{""hidden_cells"":[""c16_16""]}"
qsg_ac461f0b8570,"{""hidden_cells"":[""c16_16""]}"
qsg_baaf90bc66d5,"{""hidden_cells"":[""c16_16""]}"
qsg_0d66f6d79335,"{""hidden_cells"":[""c16_16""]}"
qsg_3a0b63e68f0d,"{""hidden_cells"":[""c16_16""]}"
qsg_8abfd1d13c41,"{""hidden_cells"":[""c16_16""]}"
qsg_b39bf3beab42,"{""hidden_cells"":[""c16_16""]}"
qsg_0cdb75cb70cf,"{""hidden_cells"":[""c16_16""]}"
qsg_975a15f04eec,"{""hidden_cells"":[""c16_16""]}"
qsg_e16026cf5dcc,"{""hidden_cells"":[""c16_16""]}"
qsg_63042c34685f,"{""hidden_cells"":[""c16_16""]}"
qsg_3251ca058082,"{""hidden_cells"":[""c16_16""]}"
qsg_daa7ecb75758,"{""hidden_cells"":[""c16_16""]}"
qsg_330083ce9629,"{""hidden_cells"":[""c16_16""]}"
qsg_4212950b5281,"{""hidden_cells"":[""c16_16""]}"
qsg_a9d13956d0b9,"{""hidden_cells"":[""c16_16""]}"
qsg_fc1bfeb63439,"{""hidden_cells"":[""c16_16""]}"
qsg_55b413778509,"{""hidden_cells"":[""c16_16""]}"
qsg_05a7be7de237,"{""hidden_cells"":[""c16_16""]}"
qsg_e24d68ea990e,"{""hidden_cells"":[""c16_16""]}"
qsg_c571604165bb,"{""hidden_cells"":[""c16_16""]}"
qsg_3a46722b4d3c,"{""hidden_cells"":[""c16_16""]}"
qsg_fe36e4024080,"{""hidden_cells"":[""c16_16""]}"
qsg_6fab968aa0a8,"{""hidden_cells"":[""c16_16""]}"
qsg_c7b86589b396,"{""hidden_cells"":[""c16_16""]}"
qsg_0f445945fe3c,"{""hidden_cells"":[""c16_16""]}"
qsg_9f7d1548a05c,"{""hidden_cells"":[""c16_16""]}"
qsg_71b93b69ec66,"{""hidden_cells"":[""c16_16""]}"
qsg_383156252ecc,"{""hidden_cells"":[""c16_16""]}"
qsg_b0715db59f5b,"{""hidden_cells"":[""c16_16""]}"
qsg_e033821fec12,"{""hidden_cells"":[""c16_16""]}"
qsg_9e256a9c8532,"{""hidden_cells"":[""c16_16""]}"
qsg_400b7a8d7a3d,"{""hidden_cells"":[""c16_16""]}"
qsg_b30525df5029,"{""hidden_cells"":[""c16_16""]}"
qsg_3d8d295bc239,"{""hidden_cells"":[""c16_16""]}"
qsg_6d606219d5c2,"{""hidden_cells"":[""c16_16""]}"
qsg_46f9640803bb,"{""hidden_cells"":[""c16_16""]}"
qsg_d4e291fed5a6,"{""hidden_cells"":[""c16_16""]}"
qsg_bde1751332c0,"{""hidden_cells"":[""c16_16""]}"
qsg_5538cf4fa4f7,"{""hidden_cells"":[""c16_16""]}"
qsg_b4d8085d6fd2,"{""hidden_cells"":[""c16_16""]}"
qsg_b2625e7bc52d,"{""hidden_cells"":[""c16_16""]}"
qsg_086b4fc78aff,"{""hidden_cells"":[""c16_16""]}"
qsg_bf3beebfaee3,"{""hidden_cells"":[""c16_16""]}"
qsg_11b7d5e386ac,"{""hidden_cells"":[""c16_16""]}"
qsg_98ad1c24e7c9,"{""hidden_cells"":[""c16_16""]}"
qsg_7589ece15e34,"{""hidden_cells"":[""c16_16""]}"
qsg_15943c2e1d09,"{""hidden_cells"":[""c16_16""]}"
qsg_97785d21eef6,"{""hidden_cells"":[""c16_16""]}"
qsg_027024e8f5e5,"{""hidden_cells"":[""c16_16""]}"
qsg_9e15b4e996f8,"{""hidden_cells"":[""c16_16""]}"
qsg_5116f9244754,"{""hidden_cells"":[""c16_16""]}"
qsg_497ccc4771b6,"{""hidden_cells"":[""c16_16""]}"
qsg_531074866973,"{""hidden_cells"":[""c16_16""]}"
qsg_b45dda985089,"{""hidden_cells"":[""c16_16""]}"
qsg_9f522d327702,"{""hidden_cells"":[""c16_16""]}"
qsg_03d765d297dd,"{""hidden_cells"":[""c16_16""]}"
qsg_33ff1a912d95,"{""hidden_cells"":[""c16_16""]}"
qsg_90bf0fd3442f,"{""hidden_cells"":[""c16_16""]}"
qsg_51a95a556ad3,"{""hidden_cells"":[""c16_16""]}"
qsg_a237f37be8bd,"{""hidden_cells"":[""c16_16""]}"
qsg_f49589332225,"{""hidden_cells"":[""c16_16""]}"
qsg_dc76e805a698,"{""hidden_cells"":[""c16_16""]}"
qsg_305b886ddc83,"{""hidden_cells"":[""c16_16""]}"
qsg_abb14ddcbfd9,"{""hidden_cells"":[""c16_16""]}"
qsg_e6bd0f4f2891,"{""hidden_cells"":[""c16_16""]}"
qsg_6402d123feed,"{""hidden_cells"":[""c16_16""]}"
qsg_b4f8185c3a60,"{""hidden_cells"":[""c16_16""]}"
qsg_4e3a061b17dc,"{""hidden_cells"":[""c16_16""]}"
qsg_fcc92e99b484,"{""hidden_cells"":[""c16_16""]}"
qsg_45f895b01aee,"{""hidden_cells"":[""c16_16""]}"
qsg_840f7c062d6e,"{""hidden_cells"":[""c16_16""]}"
qsg_7b760bdab9b5,"{""hidden_cells"":[""c16_16""]}"
qsg_ff90a69d4725,"{""hidden_cells"":[""c16_16""]}"
qsg_89047fed4ade,"{""hidden_cells"":[""c16_16""]}"
qsg_413918100f6a,"{""hidden_cells"":[""c16_16""]}"
qsg_30ca15bf57a9,"{""hidden_cells"":[""c16_16""]}"
qsg_54079766ffd6,"{""hidden_cells"":[""c16_16""]}"
qsg_89e91320b303,"{""hidden_cells"":[""c16_16""]}"
qsg_4011c5594b68,"{""hidden_cells"":[""c16_16""]}"
qsg_8ec68f882eca,"{""hidden_cells"":[""c16_16""]}"
qsg_0eb4fa9dced1,"{""hidden_cells"":[""c16_16""]}"
qsg_c4218f06e356,"{""hidden_cells"":[""c16_16""]}"
qsg_ac4dcdd1b34b,"{""hidden_cells"":[""c16_16""]}"
qsg_04e7f09aa618,"{""hidden_cells"":[""c16_16""]}"
qsg_d210daa8d9f6,"{""hidden_cells"":[""c16_16""]}"
qsg_9aa555ed3b2e,"{""hidden_cells"":[""c16_16""]}"
qsg_fc559d46e5dd,"{""hidden_cells"":[""c16_16""]}"
qsg_d9691f43b140,"{""hidden_cells"":[""c16_16""]}"
qsg_631eb646e585,"{""hidden_cells"":[""c16_16""]}"
qsg_64d14f595333,"{""hidden_cells"":[""c16_16""]}"
qsg_0bb604517c31,"{""hidden_cells"":[""c16_16""]}"
qsg_79115666240a,"{""hidden_cells"":[""c16_16""]}"
qsg_0e0b26942c84,"{""hidden_cells"":[""c16_16""]}"
qsg_52484b4c8cb1,"{""hidden_cells"":[""c16_16""]}"
qsg_208a2b1d7477,"{""hidden_cells"":[""c16_16""]}"
qsg_9cfaba8662f5,"{""hidden_cells"":[""c16_16""]}"
qsg_d70006b6e915,"{""hidden_cells"":[""c16_16""]}"
qsg_aa278154c907,"{""hidden_cells"":[""c16_16""]}"
qsg_ffd806f39dbf,"{""hidden_cells"":[""c16_16""]}"
qsg_10b2ecd4053b,"{""hidden_cells"":[""c16_16""]}"
qsg_f4cc8195bd8b,"{""hidden_cells"":[""c16_16""]}"
qsg_33c99c971e23,"{""hidden_cells"":[""c16_16""]}"
qsg_4781c5814d38,"{""hidden_cells"":[""c16_16""]}"
qsg_75b2cedc9113,"{""hidden_cells"":[""c16_16""]}"
qsg_0ef387b0d2a8,"{""hidden_cells"":[""c16_16""]}"
qsg_530e152712fa,"{""hidden_cells"":[""c16_16""]}"
qsg_a8e3bd6c1aed,"{""hidden_cells"":[""c16_16""]}"
qsg_431766eeb1c1,"{""hidden_cells"":[""c16_16""]}"
qsg_619c9b7921e8,"{""hidden_cells"":[""c16_16""]}"
qsg_6e753f7957ba,"{""hidden_cells"":[""c16_16""]}"
qsg_9595148deb85,"{""hidden_cells"":[""c16_16""]}"
qsg_34647e6902f1,"{""hidden_cells"":[""c16_16""]}"
qsg_c16c0d9147da,"{""hidden_cells"":[""c16_16""]}"
qsg_c72a377c12ba,"{""hidden_cells"":[""c16_16""]}"
qsg_826923a8a019,"{""hidden_cells"":[""c16_16""]}"
qsg_cd75a73dac37,"{""hidden_cells"":[""c16_16""]}"
qsg_4b30bee42cd9,"{""hidden_cells"":[""c16_16""]}"
qsg_e82733595a4c,"{""hidden_cells"":[""c16_16""]}"
qsg_424247ed44e3,"{""hidden_cells"":[""c16_16""]}"
qsg_75aaa46c4b00,"{""hidden_cells"":[""c16_16""]}"
qsg_dfab34931a34,"{""hidden_cells"":[""c16_16""]}"
qsg_8f9bbbaa71cc,"{""hidden_cells"":[""c16_16""]}"
qsg_2e03015fcc23,"{""hidden_cells"":[""c16_16""]}"
qsg_938e28fdffd4,"{""hidden_cells"":[""c16_16""]}"
qsg_d1f3cc85525d,"{""hidden_cells"":[""c16_16""]}"
qsg_709ffe90c6ff,"{""hidden_cells"":[""c16_16""]}"
qsg_85d4729d1401,"{""hidden_cells"":[""c16_16""]}"
qsg_ac6502afbb7e,"{""hidden_cells"":[""c16_16""]}"
qsg_50908ee795bb,"{""hidden_cells"":[""c16_16""]}"
qsg_8979dd473b9d,"{""hidden_cells"":[""c16_16""]}"
qsg_81aba0a1b86a,"{""hidden_cells"":[""c16_16""]}"
qsg_22fe9b7894fd,"{""hidden_cells"":[""c16_16""]}"
qsg_8d5636d2d7cb,"{""hidden_cells"":[""c16_16""]}"
qsg_2d101384e5a6,"{""hidden_cells"":[""c16_16""]}"
qsg_647d2f5f1a28,"{""hidden_cells"":[""c16_16""]}"
qsg_463429588db5,"{""hidden_cells"":[""c16_16""]}"
qsg_5efab78977c7,"{""hidden_cells"":[""c16_16""]}"
qsg_ef3ac81b3afe,"{""hidden_cells"":[""c16_16""]}"
qsg_bf2f6e4ff48f,"{""hidden_cells"":[""c16_16""]}"
qsg_9a0a90b3019e,"{""hidden_cells"":[""c16_16""]}"
qsg_6c17b884b99a,"{""hidden_cells"":[""c16_16""]}"
qsg_878444da6b66,"{""hidden_cells"":[""c16_16""]}"
qsg_bc123edd60b2,"{""hidden_cells"":[""c16_16""]}"
qsg_3c23af4c823a,"{""hidden_cells"":[""c16_16""]}"
qsg_0a1f01f9b447,"{""hidden_cells"":[""c16_16""]}"
qsg_22f7fc49f0fb,"{""hidden_cells"":[""c16_16""]}"
qsg_1659e0b9983e,"{""hidden_cells"":[""c16_16""]}"
qsg_288816fe8030,"{""hidden_cells"":[""c16_16""]}"
qsg_69fb3c20de61,"{""hidden_cells"":[""c16_16""]}"
qsg_0537eac0ae32,"{""hidden_cells"":[""c16_16""]}"
qsg_95d2b29a8c55,"{""hidden_cells"":[""c16_16""]}"
qsg_dda740df7c25,"{""hidden_cells"":[""c16_16""]}"
qsg_4ddc6e681214,"{""hidden_cells"":[""c16_16""]}"
qsg_10508772ced3,"{""hidden_cells"":[""c16_16""]}"
qsg_3194d36bd157,"{""hidden_cells"":[""c16_16""]}"
qsg_ce73a6d2949b,"{""hidden_cells"":[""c16_16""]}"
qsg_e518bdcdf992,"{""hidden_cells"":[""c16_16""]}"
qsg_1d42adc7f800,"{""hidden_cells"":[""c16_16""]}"
qsg_b814f5eaa428,"{""hidden_cells"":[""c16_16""]}"
qsg_5d133dd38344,"{""hidden_cells"":[""c16_16""]}"
qsg_ab09404b78e6,"{""hidden_cells"":[""c16_16""]}"
qsg_f5ebd5371d2f,"{""hidden_cells"":[""c16_16""]}"
qsg_645a45e6e3c7,"{""hidden_cells"":[""c16_16""]}"
qsg_ae1a41c11d56,"{""hidden_cells"":[""c16_16""]}"
qsg_78a10087a061,"{""hidden_cells"":[""c16_16""]}"
qsg_f518381de261,"{""hidden_cells"":[""c16_16""]}"
qsg_12143bbb7543,"{""hidden_cells"":[""c16_16""]}"
qsg_82ebc0205466,"{""hidden_cells"":[""c16_16""]}"
qsg_0060be14d548,"{""hidden_cells"":[""c16_16""]}"
qsg_51913b7c8884,"{""hidden_cells"":[""c16_16""]}"
qsg_62bd1529abb5,"{""hidden_cells"":[""c16_16""]}"
qsg_f45f9eb39a92,"{""hidden_cells"":[""c16_16""]}"
qsg_15fe2580a9bb,"{""hidden_cells"":[""c16_16""]}"
qsg_932dfb78d3bd,"{""hidden_cells"":[""c16_16""]}"
qsg_8219c54065bb,"{""hidden_cells"":[""c16_16""]}"
qsg_c7053028254b,"{""hidden_cells"":[""c16_16""]}"
qsg_d9c1ade56d7c,"{""hidden_cells"":[""c16_16""]}"
qsg_547111d0c3d9,"{""hidden_cells"":[""c16_16""]}"
qsg_4972816d13a3,"{""hidden_cells"":[""c16_16""]}"
qsg_bfa75830a983,"{""hidden_cells"":[""c16_16""]}"
qsg_155f5df8f16d,"{""hidden_cells"":[""c16_16""]}"
qsg_023a7980ed58,"{""hidden_cells"":[""c16_16""]}"
qsg_e4034fcc1399,"{""hidden_cells"":[""c16_16""]}"
qsg_1df5bcfb9074,"{""hidden_cells"":[""c16_16""]}"
qsg_56fde9d1f866,"{""hidden_cells"":[""c16_16""]}"
qsg_6c9168d75646,"{""hidden_cells"":[""c16_16""]}"
qsg_a7d67f55266a,"{""hidden_cells"":[""c16_16""]}"
qsg_86a495d145e2,"{""hidden_cells"":[""c16_16""]}"
qsg_5bfbf5d1f9d4,"{""hidden_cells"":[""c16_16""]}"
qsg_587b0daedc24,"{""hidden_cells"":[""c16_16""]}"
qsg_43896dd94b96,"{""hidden_cells"":[""c16_16""]}"
qsg_87b8dc1fb09f,"{""hidden_cells"":[""c16_16""]}"
qsg_b0a5c2624e69,"{""hidden_cells"":[""c16_16""]}"
qsg_0d4b9393f0bc,"{""hidden_cells"":[""c16_16""]}"
qsg_e9ffe6c4fa8d,"{""hidden_cells"":[""c16_16""]}"
qsg_73a708d86e36,"{""hidden_cells"":[""c16_16""]}"
qsg_123ca9d0e9bb,"{""hidden_cells"":[""c16_16""]}"
qsg_220c4b1de241,"{""hidden_cells"":[""c16_16""]}"
qsg_71e074f094fd,"{""hidden_cells"":[""c16_16""]}"
qsg_07b7400e3298,"{""hidden_cells"":[""c16_16""]}"
qsg_92c7938d8042,"{""hidden_cells"":[""c16_16""]}"
qsg_8e85872f913a,"{""hidden_cells"":[""c16_16""]}"
qsg_febff647df72,"{""hidden_cells"":[""c16_16""]}"
qsg_0d515caa0c4b,"{""hidden_cells"":[""c16_16""]}"
qsg_6999afa86c21,"{""hidden_cells"":[""c16_16""]}"
qsg_8f89e4a06806,"{""hidden_cells"":[""c16_16""]}"
qsg_168e00a8b5eb,"{""hidden_cells"":[""c16_16""]}"
qsg_8b712bd190c4,"{""hidden_cells"":[""c16_16""]}"
qsg_2ce4ac99fd85,"{""hidden_cells"":[""c16_16""]}"
qsg_34d0e1bd5290,"{""hidden_cells"":[""c16_16""]}"
qsg_80673c620bf5,"{""hidden_cells"":[""c16_16""]}"
qsg_c8dd070c4a03,"{""hidden_cells"":[""c16_16""]}"
qsg_6018da075eeb,"{""hidden_cells"":[""c16_16""]}"
qsg_acc43242f1ff,"{""hidden_cells"":[""c16_16""]}"
qsg_941db5908f5c,"{""hidden_cells"":[""c16_16""]}"
qsg_44a0d8d31063,"{""hidden_cells"":[""c16_16""]}"
qsg_208d4796d5bc,"{""hidden_cells"":[""c16_16""]}"
qsg_83aedf31fe16,"{""hidden_cells"":[""c16_16""]}"
qsg_8b61dca754e0,"{""hidden_cells"":[""c16_16""]}"
qsg_4bed54fe84d9,"{""hidden_cells"":[""c16_16""]}"
qsg_a568a31f71ef,"{""hidden_cells"":[""c16_16""]}"
qsg_1a53b7d1fca6,"{""hidden_cells"":[""c16_16""]}"
qsg_78c5205199b0,"{""hidden_cells"":[""c16_16""]}"
qsg_4d01f79fa071,"{""hidden_cells"":[""c16_16""]}"
qsg_e78a154fc612,"{""hidden_cells"":[""c16_16""]}"
qsg_4ec41c908553,"{""hidden_cells"":[""c16_16""]}"
qsg_f7832fd38554,"{""hidden_cells"":[""c16_16""]}"
qsg_80092d0f0ad4,"{""hidden_cells"":[""c16_16""]}"
qsg_fd18614aff9a,"{""hidden_cells"":[""c16_16""]}"
qsg_7e5d08eb3ed7,"{""hidden_cells"":[""c16_16""]}"
qsg_88ce16c4bb52,"{""hidden_cells"":[""c16_16""]}"
qsg_99e0cde73b87,"{""hidden_cells"":[""c16_16""]}"
qsg_afc6280be508,"{""hidden_cells"":[""c16_16""]}"
qsg_428a4eeff69a,"{""hidden_cells"":[""c16_16""]}"
qsg_da5f5df56185,"{""hidden_cells"":[""c16_16""]}"
qsg_dfb7ebc69275,"{""hidden_cells"":[""c16_16""]}"
qsg_f7eb8dde88e9,"{""hidden_cells"":[""c16_16""]}"
qsg_e86598987efa,"{""hidden_cells"":[""c16_16""]}"
qsg_daa5a2ef41c2,"{""hidden_cells"":[""c16_16""]}"
qsg_0f9847527a23,"{""hidden_cells"":[""c16_16""]}"
qsg_449e7772eb7d,"{""hidden_cells"":[""c16_16""]}"
qsg_99e87a6a43ad,"{""hidden_cells"":[""c16_16""]}"
qsg_a71140f9cc83,"{""hidden_cells"":[""c16_16""]}"
qsg_5cbeb8ea3bdd,"{""hidden_cells"":[""c16_16""]}"
qsg_9fbc553fdcf5,"{""hidden_cells"":[""c16_16""]}"
qsg_34d81fe5d581,"{""hidden_cells"":[""c16_16""]}"
qsg_eec5a124a767,"{""hidden_cells"":[""c16_16""]}"
qsg_7f20ff2e9b24,"{""hidden_cells"":[""c16_16""]}"
qsg_e91ce6c02161,"{""hidden_cells"":[""c16_16""]}"
qsg_3cce28d2443d,"{""hidden_cells"":[""c16_16""]}"
qsg_7b810d94ca82,"{""hidden_cells"":[""c16_16""]}"
qsg_2ce5ac7e84aa,"{""hidden_cells"":[""c16_16""]}"
qsg_b950fd9a3b01,"{""hidden_cells"":[""c16_16""]}"
qsg_3ef421db6feb,"{""hidden_cells"":[""c16_16""]}"
qsg_ef79587ab660,"{""hidden_cells"":[""c16_16""]}"
qsg_c1ce45b8f9fe,"{""hidden_cells"":[""c16_16""]}"
qsg_2b7179da15aa,"{""hidden_cells"":[""c16_16""]}"
qsg_0af455555d85,"{""hidden_cells"":[""c16_16""]}"
qsg_d92efbb2a7df,"{""hidden_cells"":[""c16_16""]}"
qsg_39c177612a25,"{""hidden_cells"":[""c16_16""]}"
qsg_d5d112e56a6e,"{""hidden_cells"":[""c16_16""]}"
qsg_06fade14327b,"{""hidden_cells"":[""c16_16""]}"
qsg_ece9b9ecf086,"{""hidden_cells"":[""c16_16""]}"
qsg_a76c92499b85,"{""hidden_cells"":[""c16_16""]}"
qsg_93e329cd3035,"{""hidden_cells"":[""c16_16""]}"
qsg_63866a3494f0,"{""hidden_cells"":[""c16_16""]}"
qsg_d3462450f813,"{""hidden_cells"":[""c16_16""]}"
qsg_645a9b0099f7,"{""hidden_cells"":[""c16_16""]}"
qsg_a7571903a125,"{""hidden_cells"":[""c16_16""]}"
qsg_924018a3f474,"{""hidden_cells"":[""c16_16""]}"
qsg_4c371af4d658,"{""hidden_cells"":[""c16_16""]}"
qsg_e1706c63673f,"{""hidden_cells"":[""c16_16""]}"
qsg_94858bc11387,"{""hidden_cells"":[""c16_16""]}"
qsg_773f61d7e308,"{""hidden_cells"":[""c16_16""]}"
qsg_7695e800aebf,"{""hidden_cells"":[""c16_16""]}"
qsg_971b2790c8d8,"{""hidden_cells"":[""c16_16""]}"
qsg_2db602e195ad,"{""hidden_cells"":[""c16_16""]}"
qsg_9b983684e8f8,"{""hidden_cells"":[""c16_16""]}"
qsg_f7759bdb1e7a,"{""hidden_cells"":[""c16_16""]}"
qsg_fcf56ba0a7e5,"{""hidden_cells"":[""c16_16""]}"
qsg_485c9ca44843,"{""hidden_cells"":[""c16_16""]}"
qsg_fe6b47b81c80,"{""hidden_cells"":[""c16_16""]}"
qsg_c2d7b7db6365,"{""hidden_cells"":[""c16_16""]}"
qsg_d9ba95e2ecfb,"{""hidden_cells"":[""c16_16""]}"
qsg_e55247d1bfcd,"{""hidden_cells"":[""c16_16""]}"
qsg_2a6128f68782,"{""hidden_cells"":[""c16_16""]}"
qsg_9875916da2a5,"{""hidden_cells"":[""c16_16""]}"
qsg_1d33a87cbf39,"{""hidden_cells"":[""c16_16""]}"
qsg_fad7e072514c,"{""hidden_cells"":[""c16_16""]}"
qsg_b51930a0aaa3,"{""hidden_cells"":[""c16_16""]}"
qsg_6907dc0ff800,"{""hidden_cells"":[""c16_16""]}"
qsg_816b67266679,"{""hidden_cells"":[""c16_16""]}"
qsg_8a441d9d7edb,"{""hidden_cells"":[""c16_16""]}"
qsg_dc67d092a0c9,"{""hidden_cells"":[""c16_16""]}"
qsg_5c8b94d29422,"{""hidden_cells"":[""c16_16""]}"
qsg_7c148b89bf00,"{""hidden_cells"":[""c16_16""]}"
qsg_cf3eabf6f2cd,"{""hidden_cells"":[""c16_16""]}"
qsg_cc936f285429,"{""hidden_cells"":[""c16_16""]}"
qsg_ce36948aeab2,"{""hidden_cells"":[""c16_16""]}"
qsg_25e99f91b35a,"{""hidden_cells"":[""c16_16""]}"
qsg_787a3beb6a75,"{""hidden_cells"":[""c16_16""]}"
qsg_86d34b327edb,"{""hidden_cells"":[""c16_16""]}"
qsg_65aaaf3c4d13,"{""hidden_cells"":[""c16_16""]}"
qsg_ec109c574a54,"{""hidden_cells"":[""c16_16""]}"
qsg_16e6721fbdda,"{""hidden_cells"":[""c16_16""]}"
qsg_6b8faade9ed0,"{""hidden_cells"":[""c16_16""]}"
qsg_de65d8b68022,"{""hidden_cells"":[""c16_16""]}"
qsg_5576fd53da5c,"{""hidden_cells"":[""c16_16""]}"
qsg_5eb314198b40,"{""hidden_cells"":[""c16_16""]}"
qsg_1e8e7eb4157b,"{""hidden_cells"":[""c16_16""]}"
qsg_96247865e847,"{""hidden_cells"":[""c16_16""]}"
qsg_285349a091d0,"{""hidden_cells"":[""c16_16""]}"
qsg_c60833fd596c,"{""hidden_cells"":[""c16_16""]}"
qsg_ba055166dda8,"{""hidden_cells"":[""c16_16""]}"
qsg_6828a4f700ce,"{""hidden_cells"":[""c16_16""]}"
qsg_2297ed0f5b4c,"{""hidden_cells"":[""c16_16""]}"
qsg_a820b3a76283,"{""hidden_cells"":[""c16_16""]}"
qsg_e48e78002a2c,"{""hidden_cells"":[""c16_16""]}"
qsg_ff202f1c0d66,"{""hidden_cells"":[""c16_16""]}"
qsg_7a539e3d39fe,"{""hidden_cells"":[""c16_16""]}"
qsg_60632b8b6ae6,"{""hidden_cells"":[""c16_16""]}"
qsg_41003ec98fbb,"{""hidden_cells"":[""c16_16""]}"
qsg_038fa4ad6c6c,"{""hidden_cells"":[""c16_16""]}"
qsg_9cd5316b8971,"{""hidden_cells"":[""c16_16""]}"
qsg_95eb9a359f97,"{""hidden_cells"":[""c16_16""]}"
qsg_087e36c50b6d,"{""hidden_cells"":[""c16_16""]}"
qsg_18fecd9b6b61,"{""hidden_cells"":[""c16_16""]}"
qsg_96cd3454f793,"{""hidden_cells"":[""c16_16""]}"
qsg_3d5c64552427,"{""hidden_cells"":[""c16_16""]}"
qsg_296887163a2e,"{""hidden_cells"":[""c16_16""]}"
qsg_198e4f3394b2,"{""hidden_cells"":[""c16_16""]}"
qsg_02bbe284caf5,"{""hidden_cells"":[""c16_16""]}"
qsg_17f098b433c0,"{""hidden_cells"":[""c16_16""]}"
qsg_01bb9a356170,"{""hidden_cells"":[""c16_16""]}"
qsg_42018ecc4e05,"{""hidden_cells"":[""c16_16""]}"
qsg_9ad176496b51,"{""hidden_cells"":[""c16_16""]}"
qsg_04ab73b5094a,"{""hidden_cells"":[""c16_16""]}"
qsg_2019488146d0,"{""hidden_cells"":[""c16_16""]}"
qsg_fb9714606546,"{""hidden_cells"":[""c16_16""]}"
qsg_e7f9957c1754,"{""hidden_cells"":[""c16_16""]}"
qsg_b32f2d7650f9,"{""hidden_cells"":[""c16_16""]}"
qsg_39b4537306e8,"{""hidden_cells"":[""c16_16""]}"
qsg_34dafff9c390,"{""hidden_cells"":[""c16_16""]}"
qsg_c9c238b9399e,"{""hidden_cells"":[""c16_16""]}"
qsg_101fab196249,"{""hidden_cells"":[""c16_16""]}"
qsg_0fae5e18cdc5,"{""hidden_cells"":[""c16_16""]}"
qsg_7453ad679406,"{""hidden_cells"":[""c16_16""]}"
qsg_3eda2a27c743,"{""hidden_cells"":[""c16_16""]}"
qsg_ccf368b80745,"{""hidden_cells"":[""c16_16""]}"
qsg_ab7a4c6d2974,"{""hidden_cells"":[""c16_16""]}"
qsg_d16c3e8661e9,"{""hidden_cells"":[""c16_16""]}"
qsg_dca39182fc45,"{""hidden_cells"":[""c16_16""]}"
qsg_817a2750c41a,"{""hidden_cells"":[""c16_16""]}"
qsg_1785e9911bf2,"{""hidden_cells"":[""c16_16""]}"
qsg_a6d6635d9ab0,"{""hidden_cells"":[""c16_16""]}"
qsg_ee9eacb1e787,"{""hidden_cells"":[""c16_16""]}"
qsg_f14377d72a22,"{""hidden_cells"":[""c16_16""]}"
qsg_942544ff9b54,"{""hidden_cells"":[""c16_16""]}"
qsg_428fa80f6b07,"{""hidden_cells"":[""c16_16""]}"
qsg_8d6a4af4ce5c,"{""hidden_cells"":[""c16_16""]}"
qsg_7c55269227fd,"{""hidden_cells"":[""c16_16""]}"
qsg_ed176b96a385,"{""hidden_cells"":[""c16_16""]}"
qsg_b8bd5179c009,"{""hidden_cells"":[""c16_16""]}"
qsg_6c8165765afe,"{""hidden_cells"":[""c16_16""]}"
qsg_30d65557f43c,"{""hidden_cells"":[""c16_16""]}"
qsg_cc50aff33b84,"{""hidden_cells"":[""c16_16""]}"
qsg_2f40ca30ba6d,"{""hidden_cells"":[""c16_16""]}"
qsg_9b38016c934f,"{""hidden_cells"":[""c16_16""]}"
qsg_fd2f782a9976,"{""hidden_cells"":[""c16_16""]}"
qsg_9cf97658cc26,"{""hidden_cells"":[""c16_16""]}"
qsg_8711bc7b19d0,"{""hidden_cells"":[""c16_16""]}"
qsg_797ba6129fd2,"{""hidden_cells"":[""c16_16""]}"
qsg_9701a71e331b,"{""hidden_cells"":[""c16_16""]}"
qsg_7f8b3055d545,"{""hidden_cells"":[""c16_16""]}"
qsg_957be29dfee7,"{""hidden_cells"":[""c16_16""]}"
qsg_686a0165980a,"{""hidden_cells"":[""c16_16""]}"
qsg_0652daf161db,"{""hidden_cells"":[""c16_16""]}"
qsg_39aec35cbc10,"{""hidden_cells"":[""c16_16""]}"
qsg_8ec5a8e43b52,"{""hidden_cells"":[""c16_16""]}"
qsg_c828eca564a6,"{""hidden_cells"":[""c16_16""]}"
qsg_a7fc169ac0bd,"{""hidden_cells"":[""c16_16""]}"
qsg_e2862020d9e1,"{""hidden_cells"":[""c16_16""]}"
qsg_9dd4076a1ac6,"{""hidden_cells"":[""c16_16""]}"
qsg_94d5104e7e2f,"{""hidden_cells"":[""c16_16""]}"
qsg_43380f0b6999,"{""hidden_cells"":[""c16_16""]}"
qsg_18b426a2db09,"{""hidden_cells"":[""c16_16""]}"
qsg_85eb0c65190d,"{""hidden_cells"":[""c16_16""]}"
qsg_42514578b3c8,"{""hidden_cells"":[""c16_16""]}"
qsg_78208c00fe31,"{""hidden_cells"":[""c16_16""]}"
qsg_108d0520fdea,"{""hidden_cells"":[""c16_16""]}"
qsg_d5f39ba49340,"{""hidden_cells"":[""c16_16""]}"
qsg_956010f6494f,"{""hidden_cells"":[""c16_16""]}"
qsg_f1a4a5bc665b,"{""hidden_cells"":[""c16_16""]}"
qsg_730fd02fbfd1,"{""hidden_cells"":[""c16_16""]}"
qsg_0c087a566286,"{""hidden_cells"":[""c16_16""]}"
qsg_2867f7b0e5d0,"{""hidden_cells"":[""c16_16""]}"
qsg_28fa63cc98ec,"{""hidden_cells"":[""c16_16""]}"
qsg_3cbe4cf35246,"{""hidden_cells"":[""c16_16""]}"
qsg_ce5896232264,"{""hidden_cells"":[""c16_16""]}"
qsg_ea74fa2cbc91,"{""hidden_cells"":[""c16_16""]}"
qsg_288d014edfc3,"{""hidden_cells"":[""c16_16""]}"
qsg_1af4043d541a,"{""hidden_cells"":[""c16_16""]}"
qsg_c11923698a70,"{""hidden_cells"":[""c16_16""]}"
qsg_61fd77aa1a5a,"{""hidden_cells"":[""c16_16""]}"
qsg_153bd1dfac34,"{""hidden_cells"":[""c16_16""]}"
qsg_5f07f0d0aa63,"{""hidden_cells"":[""c16_16""]}"
qsg_2027619661e0,"{""hidden_cells"":[""c16_16""]}"
qsg_7cb2af09b757,"{""hidden_cells"":[""c16_16""]}"
qsg_1fd318858d19,"{""hidden_cells"":[""c16_16""]}"
qsg_a6886e9341d1,"{""hidden_cells"":[""c16_16""]}"
qsg_6111cae8f814,"{""hidden_cells"":[""c16_16""]}"
qsg_ee70346278c2,"{""hidden_cells"":[""c16_16""]}"
qsg_30e1d418ca8a,"{""hidden_cells"":[""c16_16""]}"
qsg_6fc54038bbc6,"{""hidden_cells"":[""c16_16""]}"
qsg_5e89f8386bb9,"{""hidden_cells"":[""c16_16""]}"
qsg_4cf10550b976,"{""hidden_cells"":[""c16_16""]}"
qsg_9000921f0f09,"{""hidden_cells"":[""c16_16""]}"
qsg_20e8a61d0bec,"{""hidden_cells"":[""c16_16""]}"
qsg_edac4e19fe16,"{""hidden_cells"":[""c16_16""]}"
qsg_e080aa9ab5ea,"{""hidden_cells"":[""c16_16""]}"
qsg_3ac98dcb91e0,"{""hidden_cells"":[""c16_16""]}"
qsg_dd254e05a724,"{""hidden_cells"":[""c16_16""]}"
qsg_e4e8228fd597,"{""hidden_cells"":[""c16_16""]}"
qsg_678d213f6c41,"{""hidden_cells"":[""c16_16""]}"
qsg_356c4be3517e,"{""hidden_cells"":[""c16_16""]}"
qsg_f27e31980b0c,"{""hidden_cells"":[""c16_16""]}"
qsg_cfa1b4286e27,"{""hidden_cells"":[""c16_16""]}"
qsg_5138110d83ee,"{""hidden_cells"":[""c16_16""]}"
qsg_1e089590f8c3,"{""hidden_cells"":[""c16_16""]}"
qsg_364b4294978e,"{""hidden_cells"":[""c16_16""]}"
qsg_9bbd5d53525a,"{""hidden_cells"":[""c16_16""]}"
qsg_599c811dad8a,"{""hidden_cells"":[""c16_16""]}"
qsg_a344a614615e,"{""hidden_cells"":[""c16_16""]}"
qsg_8f9d14e4645b,"{""hidden_cells"":[""c16_16""]}"
qsg_45395504ba0f,"{""hidden_cells"":[""c16_16""]}"
qsg_6fbc9aebdd07,"{""hidden_cells"":[""c16_16""]}"
qsg_16be5b4ca671,"{""hidden_cells"":[""c16_16""]}"
qsg_ab7e651e1d19,"{""hidden_cells"":[""c16_16""]}"
qsg_8f705638144f,"{""hidden_cells"":[""c16_16""]}"
qsg_b214a6d08f08,"{""hidden_cells"":[""c16_16""]}"
qsg_988b079780ec,"{""hidden_cells"":[""c16_16""]}"
qsg_68b1a4b899e7,"{""hidden_cells"":[""c16_16""]}"
qsg_42f0e791f012,"{""hidden_cells"":[""c16_16""]}"
qsg_d8f7da47ed30,"{""hidden_cells"":[""c16_16""]}"
qsg_242447bb5e84,"{""hidden_cells"":[""c16_16""]}"
qsg_1536353a226e,"{""hidden_cells"":[""c16_16""]}"
qsg_8643de9448b1,"{""hidden_cells"":[""c16_16""]}"
qsg_b61d9300dd0f,"{""hidden_cells"":[""c16_16""]}"
qsg_66cd5e5e43c1,"{""hidden_cells"":[""c16_16""]}"
qsg_a1c695a60000,"{""hidden_cells"":[""c16_16""]}"
qsg_681b85b5e4a0,"{""hidden_cells"":[""c16_16""]}"
qsg_b5f79c4a2cd9,"{""hidden_cells"":[""c16_16""]}"
qsg_c1e6d49266a0,"{""hidden_cells"":[""c16_16""]}"
qsg_f7d0f30b4c29,"{""hidden_cells"":[""c16_16""]}"
qsg_7ddaf9159a0a,"{""hidden_cells"":[""c16_16""]}"
qsg_17de1a80b982,"{""hidden_cells"":[""c16_16""]}"
qsg_140b6bea22b7,"{""hidden_cells"":[""c16_16""]}"
qsg_616eff363154,"{""hidden_cells"":[""c16_16""]}"
qsg_15508e361a54,"{""hidden_cells"":[""c16_16""]}"
qsg_a4e4f2504043,"{""hidden_cells"":[""c16_16""]}"
qsg_000e4777827b,"{""hidden_cells"":[""c16_16""]}"
qsg_9778babb7eb1,"{""hidden_cells"":[""c16_16""]}"
qsg_7c725ac092a5,"{""hidden_cells"":[""c16_16""]}"
qsg_f361584ce443,"{""hidden_cells"":[""c16_16""]}"
qsg_475f2487bf40,"{""hidden_cells"":[""c16_16""]}"
qsg_7b86eedc147b,"{""hidden_cells"":[""c16_16""]}"
qsg_a3e0a6d479f0,"{""hidden_cells"":[""c16_16""]}"
qsg_3b37e51d95f8,"{""hidden_cells"":[""c16_16""]}"
qsg_3c824f1d6828,"{""hidden_cells"":[""c16_16""]}"
qsg_32c772853eaf,"{""hidden_cells"":[""c16_16""]}"
qsg_1f0445294411,"{""hidden_cells"":[""c16_16""]}"
qsg_6ce0088a1dd2,"{""hidden_cells"":[""c16_16""]}"
qsg_aa34ce476398,"{""hidden_cells"":[""c16_16""]}"
qsg_3691daaa1171,"{""hidden_cells"":[""c16_16""]}"
qsg_7a5883bc68e0,"{""hidden_cells"":[""c16_16""]}"
qsg_12c94beb033c,"{""hidden_cells"":[""c16_16""]}"
qsg_7f90e5e1d0a7,"{""hidden_cells"":[""c16_16""]}"
qsg_0064797d4a02,"{""hidden_cells"":[""c16_16""]}"
qsg_6aebd4dea78a,"{""hidden_cells"":[""c16_16""]}"
qsg_e126f5c5d948,"{""hidden_cells"":[""c16_16""]}"
qsg_22a91f8be0b1,"{""hidden_cells"":[""c16_16""]}"
qsg_d9aa2f74a289,"{""hidden_cells"":[""c16_16""]}"
qsg_bc9c05d373f6,"{""hidden_cells"":[""c16_16""]}"
qsg_3febb32f3104,"{""hidden_cells"":[""c16_16""]}"
qsg_451007a3cc52,"{""hidden_cells"":[""c16_16""]}"
qsg_f30c51605dd4,"{""hidden_cells"":[""c16_16""]}"
qsg_5a3edf1a2d0c,"{""hidden_cells"":[""c16_16""]}"
qsg_b4ff71d57383,"{""hidden_cells"":[""c16_16""]}"
qsg_d90539592b0f,"{""hidden_cells"":[""c16_16""]}"
qsg_c12bdf381281,"{""hidden_cells"":[""c16_16""]}"
qsg_dd1f8d37f21a,"{""hidden_cells"":[""c16_16""]}"
qsg_8523ba3dc3d8,"{""hidden_cells"":[""c16_16""]}"
qsg_190d6a6bf006,"{""hidden_cells"":[""c16_16""]}"
qsg_45d7d40b7549,"{""hidden_cells"":[""c16_16""]}"
qsg_4d8115a53a80,"{""hidden_cells"":[""c16_16""]}"
qsg_14bfc41f74c8,"{""hidden_cells"":[""c16_16""]}"
qsg_a26dfbe77cc8,"{""hidden_cells"":[""c16_16""]}"
qsg_7abc44c5ba5e,"{""hidden_cells"":[""c16_16""]}"
qsg_0e2d5da7a249,"{""hidden_cells"":[""c16_16""]}"
qsg_51a57cf4b979,"{""hidden_cells"":[""c16_16""]}"
qsg_befd5413f977,"{""hidden_cells"":[""c16_16""]}"
qsg_bfd38b36f392,"{""hidden_cells"":[""c16_16""]}"
qsg_feb059e46e97,"{""hidden_cells"":[""c16_16""]}"
qsg_4723fe90a01a,"{""hidden_cells"":[""c16_16""]}"
qsg_77f6f73f3102,"{""hidden_cells"":[""c16_16""]}"
qsg_cc9a4163ec49,"{""hidden_cells"":[""c16_16""]}"
qsg_bcc66c32931c,"{""hidden_cells"":[""c16_16""]}"
qsg_a4328d0341dd,"{""hidden_cells"":[""c16_16""]}"
qsg_705431014134,"{""hidden_cells"":[""c16_16""]}"
qsg_d6fd8483617b,"{""hidden_cells"":[""c16_16""]}"
qsg_32933ea95209,"{""hidden_cells"":[""c16_16""]}"
qsg_647127a6769b,"{""hidden_cells"":[""c16_16""]}"
qsg_c84bfc983412,"{""hidden_cells"":[""c16_16""]}"
qsg_a9089408bd4d,"{""hidden_cells"":[""c16_16""]}"
qsg_69bf6436a89d,"{""hidden_cells"":[""c16_16""]}"
qsg_d7f1763b8951,"{""hidden_cells"":[""c16_16""]}"
qsg_eb810b32fb72,"{""hidden_cells"":[""c16_16""]}"
qsg_8e10a4039e20,"{""hidden_cells"":[""c16_16""]}"
qsg_a8485245ae33,"{""hidden_cells"":[""c16_16""]}"
qsg_a8a86e169ff6,"{""hidden_cells"":[""c16_16""]}"
qsg_d20008faa05b,"{""hidden_cells"":[""c16_16""]}"
qsg_2d0c0c8d5ef8,"{""hidden_cells"":[""c16_16""]}"
qsg_6061b33c1fc4,"{""hidden_cells"":[""c16_16""]}"
qsg_cab2a882e8ca,"{""hidden_cells"":[""c16_16""]}"
qsg_631ebc079794,"{""hidden_cells"":[""c16_16""]}"
qsg_3d2797c08c57,"{""hidden_cells"":[""c16_16""]}"
qsg_633457ebc936,"{""hidden_cells"":[""c16_16""]}"
qsg_4f6bd6ef417c,"{""hidden_cells"":[""c16_16""]}"
qsg_6d12392e5560,"{""hidden_cells"":[""c16_16""]}"
qsg_af517430fa59,"{""hidden_cells"":[""c16_16""]}"
qsg_ee073fae2e7b,"{""hidden_cells"":[""c16_16""]}"
qsg_68c1ac56aea8,"{""hidden_cells"":[""c16_16""]}"
qsg_0c4d0fac3f40,"{""hidden_cells"":[""c16_16""]}"
qsg_8f5533a5de96,"{""hidden_cells"":[""c16_16""]}"
qsg_9333150f5ba5,"{""hidden_cells"":[""c16_16""]}"
qsg_a086c3071f94,"{""hidden_cells"":[""c16_16""]}"
qsg_4fcfedc0f399,"{""hidden_cells"":[""c16_16""]}"
qsg_d0560af1611f,"{""hidden_cells"":[""c16_16""]}"
qsg_7936f8d600ba,"{""hidden_cells"":[""c16_16""]}"
qsg_fcba52ec4617,"{""hidden_cells"":[""c16_16""]}"
qsg_4cd4ee46c985,"{""hidden_cells"":[""c16_16""]}"
qsg_91f5fc965253,"{""hidden_cells"":[""c16_16""]}"
qsg_19691df4d410,"{""hidden_cells"":[""c16_16""]}"
qsg_3d041e9b3888,"{""hidden_cells"":[""c16_16""]}"
qsg_93985cff9dae,"{""hidden_cells"":[""c16_16""]}"
qsg_3f9d7f64aa69,"{""hidden_cells"":[""c16_16""]}"
qsg_8ff201c6a753,"{""hidden_cells"":[""c16_16""]}"
qsg_7918bd6e1c78,"{""hidden_cells"":[""c16_16""]}"
qsg_0d0907110e45,"{""hidden_cells"":[""c16_16""]}"
qsg_5e145343a09b,"{""hidden_cells"":[""c16_16""]}"
qsg_3bf3e0d3bcbb,"{""hidden_cells"":[""c16_16""]}"
qsg_eb2c85700595,"{""hidden_cells"":[""c16_16""]}"
qsg_ba2126697df6,"{""hidden_cells"":[""c16_16""]}"
qsg_541f79851e4a,"{""hidden_cells"":[""c16_16""]}"
qsg_40aeda556f9a,"{""hidden_cells"":[""c16_16""]}"
qsg_b9192fe0095f,"{""hidden_cells"":[""c16_16""]}"
qsg_2f8e5e5c5016,"{""hidden_cells"":[""c16_16""]}"
qsg_85cfaad1f6ca,"{""hidden_cells"":[""c16_16""]}"
qsg_1d66fb1b3460,"{""hidden_cells"":[""c16_16""]}"
qsg_616859f5f844,"{""hidden_cells"":[""c16_16""]}"
qsg_aafd00598253,"{""hidden_cells"":[""c16_16""]}"
qsg_ef576fe4e33f,"{""hidden_cells"":[""c16_16""]}"
qsg_3d9edc1f2e21,"{""hidden_cells"":[""c16_16""]}"
qsg_b900882530b8,"{""hidden_cells"":[""c16_16""]}"
qsg_0e3d93018a6d,"{""hidden_cells"":[""c16_16""]}"
qsg_38d754e06566,"{""hidden_cells"":[""c16_16""]}"
qsg_b5a30f6b34ba,"{""hidden_cells"":[""c16_16""]}"
qsg_cddbbb08905c,"{""hidden_cells"":[""c16_16""]}"
qsg_13e88691ca52,"{""hidden_cells"":[""c16_16""]}"
qsg_17f18704ba6f,"{""hidden_cells"":[""c16_16""]}"
qsg_e2642c9f0400,"{""hidden_cells"":[""c16_16""]}"
qsg_a4f65c508dc9,"{""hidden_cells"":[""c16_16""]}"
qsg_2dbc9cb030b4,"{""hidden_cells"":[""c16_16""]}"
qsg_ea5739a98733,"{""hidden_cells"":[""c16_16""]}"
qsg_5c28470c7f79,"{""hidden_cells"":[""c16_16""]}"
qsg_e4e29d220b96,"{""hidden_cells"":[""c16_16""]}"
qsg_c641fbcf1ef7,"{""hidden_cells"":[""c16_16""]}"
qsg_1a0173af5ab8,"{""hidden_cells"":[""c16_16""]}"
qsg_46e4f199e962,"{""hidden_cells"":[""c16_16""]}"
qsg_9de7a00ba7a4,"{""hidden_cells"":[""c16_16""]}"
qsg_0b0a5fff253e,"{""hidden_cells"":[""c16_16""]}"
qsg_185d0beca648,"{""hidden_cells"":[""c16_16""]}"
qsg_f4d846cf9cee,"{""hidden_cells"":[""c16_16""]}"
qsg_880d484c002a,"{""hidden_cells"":[""c16_16""]}"
qsg_c8726bd953c8,"{""hidden_cells"":[""c16_16""]}"
qsg_054cd4dfe12e,"{""hidden_cells"":[""c16_16""]}"
qsg_0e882e7b72fc,"{""hidden_cells"":[""c16_16""]}"
qsg_6a8550ec25a2,"{""hidden_cells"":[""c16_16""]}"
qsg_dc3bfeb6c657,"{""hidden_cells"":[""c16_16""]}"
qsg_fa74f8d4e50a,"{""hidden_cells"":[""c16_16""]}"
qsg_c84851355ab0,"{""hidden_cells"":[""c16_16""]}"
qsg_1dc080b99e77,"{""hidden_cells"":[""c16_16""]}"
qsg_ca6233993a7b,"{""hidden_cells"":[""c16_16""]}"
qsg_d3cd746f24de,"{""hidden_cells"":[""c16_16""]}"
qsg_bf7166bff235,"{""hidden_cells"":[""c16_16""]}"
qsg_ccba6af9ed8f,"{""hidden_cells"":[""c16_16""]}"
qsg_747068dff9dd,"{""hidden_cells"":[""c16_16""]}"
qsg_805395785567,"{""hidden_cells"":[""c16_16""]}"
qsg_2cca7651ca38,"{""hidden_cells"":[""c16_16""]}"
qsg_f6c247609fb7,"{""hidden_cells"":[""c16_16""]}"
qsg_fb54374c1768,"{""hidden_cells"":[""c16_16""]}"
qsg_8ed8b50d5382,"{""hidden_cells"":[""c16_16""]}"
qsg_46cf27299d2a,"{""hidden_cells"":[""c16_16""]}"
qsg_27a6c5903c86,"{""hidden_cells"":[""c16_16""]}"
qsg_bad9da2c1fbc,"{""hidden_cells"":[""c16_16""]}"
qsg_0e16fbd8f8c9,"{""hidden_cells"":[""c16_16""]}"
qsg_71117c45d85f,"{""hidden_cells"":[""c16_16""]}"
qsg_6fb3887d970c,"{""hidden_cells"":[""c16_16""]}"
qsg_8ac60549afbc,"{""hidden_cells"":[""c16_16""]}"
qsg_8abb0160859b,"{""hidden_cells"":[""c16_16""]}"
qsg_4f4d0ecbd3de,"{""hidden_cells"":[""c16_16""]}"
qsg_83c9e26a84b3,"{""hidden_cells"":[""c16_16""]}"
qsg_ceea88aead20,"{""hidden_cells"":[""c16_16""]}"
qsg_e80190f2125b,"{""hidden_cells"":[""c16_16""]}"
qsg_4b5e7e89c370,"{""hidden_cells"":[""c16_16""]}"
qsg_47e69d2f847e,"{""hidden_cells"":[""c16_16""]}"
qsg_01d29af94be0,"{""hidden_cells"":[""c16_16""]}"
qsg_fc1762dd5741,"{""hidden_cells"":[""c16_16""]}"
qsg_5ceca33a029a,"{""hidden_cells"":[""c16_16""]}"
qsg_45a1f8e4a45f,"{""hidden_cells"":[""c16_16""]}"
qsg_19516f77a6f8,"{""hidden_cells"":[""c16_16""]}"
qsg_90b6d5d7f847,"{""hidden_cells"":[""c16_16""]}"
qsg_a4e208022328,"{""hidden_cells"":[""c16_16""]}"
qsg_c4e4b116835b,"{""hidden_cells"":[""c16_16""]}"
qsg_b8766cb10eb7,"{""hidden_cells"":[""c16_16""]}"
qsg_eda608244a8d,"{""hidden_cells"":[""c16_16""]}"
qsg_30594eaf119e,"{""hidden_cells"":[""c16_16""]}"
qsg_a3cd53800b02,"{""hidden_cells"":[""c16_16""]}"
qsg_e8d7912484b1,"{""hidden_cells"":[""c16_16""]}"
qsg_7cfecfb3965f,"{""hidden_cells"":[""c16_16""]}"
qsg_b423a056ce34,"{""hidden_cells"":[""c16_16""]}"
qsg_79db1cec40ef,"{""hidden_cells"":[""c16_16""]}"
qsg_efc38232e101,"{""hidden_cells"":[""c16_16""]}"
qsg_0049324e1ee0,"{""hidden_cells"":[""c16_16""]}"
qsg_b43f9d375167,"{""hidden_cells"":[""c16_16""]}"
qsg_01c5c8cc47fd,"{""hidden_cells"":[""c16_16""]}"
qsg_af11efeb1cf0,"{""hidden_cells"":[""c16_16""]}"
qsg_e2a4bd86c522,"{""hidden_cells"":[""c16_16""]}"
qsg_f77a45c5da88,"{""hidden_cells"":[""c16_16""]}"
qsg_90dcbc69943e,"{""hidden_cells"":[""c16_16""]}"
qsg_aca2ff6b8a96,"{""hidden_cells"":[""c16_16""]}"
qsg_97c5e37221eb,"{""hidden_cells"":[""c16_16""]}"
qsg_d3393ffacaa8,"{""hidden_cells"":[""c16_16""]}"
qsg_918d3a484315,"{""hidden_cells"":[""c16_16""]}"
qsg_9474948501c3,"{""hidden_cells"":[""c16_16""]}"
qsg_1d5cb82e4f2e,"{""hidden_cells"":[""c16_16""]}"
qsg_b2aa4587d31d,"{""hidden_cells"":[""c16_16""]}"
qsg_2dc5554b94a5,"{""hidden_cells"":[""c16_16""]}"
qsg_0eeb846727e8,"{""hidden_cells"":[""c16_16""]}"
qsg_3e74fee94379,"{""hidden_cells"":[""c16_16""]}"
qsg_1e3feb8c7d27,"{""hidden_cells"":[""c16_16""]}"
qsg_e30756369a68,"{""hidden_cells"":[""c16_16""]}"
qsg_641c6c6df328,"{""hidden_cells"":[""c16_16""]}"
qsg_42b0690e4f78,"{""hidden_cells"":[""c16_16""]}"
qsg_ae88beb128ec,"{""hidden_cells"":[""c16_16""]}"
qsg_bb0086831d8c,"{""hidden_cells"":[""c16_16""]}"
qsg_e817fa57d6d1,"{""hidden_cells"":[""c16_16""]}"
qsg_635fd6629402,"{""hidden_cells"":[""c16_16""]}"
qsg_08f38d51ca14,"{""hidden_cells"":[""c16_16""]}"
qsg_3752a320fe8f,"{""hidden_cells"":[""c16_16""]}"
qsg_f8bc014b2c99,"{""hidden_cells"":[""c16_16""]}"
qsg_8141df409baf,"{""hidden_cells"":[""c16_16""]}"
qsg_f462c6c1ac3c,"{""hidden_cells"":[""c16_16""]}"
qsg_ef7f6cd31fd5,"{""hidden_cells"":[""c16_16""]}"
qsg_b1f4b38d6b7a,"{""hidden_cells"":[""c16_16""]}"
qsg_8ea3e2864c86,"{""hidden_cells"":[""c16_16""]}"
qsg_a3d39cd189c0,"{""hidden_cells"":[""c16_16""]}"
qsg_49d09ccfd3f5,"{""hidden_cells"":[""c16_16""]}"
qsg_aa37919d523d,"{""hidden_cells"":[""c16_16""]}"
qsg_06c35b3f3f01,"{""hidden_cells"":[""c16_16""]}"
qsg_7c510bedadfd,"{""hidden_cells"":[""c16_16""]}"
qsg_462a3e4d82c0,"{""hidden_cells"":[""c16_16""]}"
qsg_a25ff78772de,"{""hidden_cells"":[""c16_16""]}"
qsg_2440edeb572a,"{""hidden_cells"":[""c16_16""]}"
qsg_9872bcfdd70a,"{""hidden_cells"":[""c16_16""]}"
qsg_45702e0270c8,"{""hidden_cells"":[""c16_16""]}"
qsg_343a2ee21f73,"{""hidden_cells"":[""c16_16""]}"
qsg_8399fa5e0c3e,"{""hidden_cells"":[""c16_16""]}"
qsg_563e397c6458,"{""hidden_cells"":[""c16_16""]}"
qsg_f4af14ac867e,"{""hidden_cells"":[""c16_16""]}"
qsg_10643720b24d,"{""hidden_cells"":[""c16_16""]}"
qsg_8f5486d260a0,"{""hidden_cells"":[""c16_16""]}"
qsg_5b6c4b2cd786,"{""hidden_cells"":[""c16_16""]}"
qsg_91e8cb731da8,"{""hidden_cells"":[""c16_16""]}"
qsg_5c1b34e95291,"{""hidden_cells"":[""c16_16""]}"
qsg_bf111184e73f,"{""hidden_cells"":[""c16_16""]}"
qsg_9b823586a2cb,"{""hidden_cells"":[""c16_16""]}"
qsg_c9d464ef62fa,"{""hidden_cells"":[""c16_16""]}"
qsg_aa9f6d9bca32,"{""hidden_cells"":[""c16_16""]}"
qsg_a4e1e4f6bdd3,"{""hidden_cells"":[""c16_16""]}"
qsg_0f781324e8d9,"{""hidden_cells"":[""c16_16""]}"
qsg_6b9b83c7059a,"{""hidden_cells"":[""c16_16""]}"
qsg_5dc559b06959,"{""hidden_cells"":[""c16_16""]}"
qsg_eee40eb4d004,"{""hidden_cells"":[""c16_16""]}"
qsg_38509f729a12,"{""hidden_cells"":[""c16_16""]}"
qsg_fa2766f5f256,"{""hidden_cells"":[""c16_16""]}"
qsg_078e650cbcc1,"{""hidden_cells"":[""c16_16""]}"
qsg_195784cc2167,"{""hidden_cells"":[""c16_16""]}"
qsg_89ff51574c94,"{""hidden_cells"":[""c16_16""]}"
qsg_25f192318942,"{""hidden_cells"":[""c16_16""]}"
qsg_3d5eabc2b0a1,"{""hidden_cells"":[""c16_16""]}"
qsg_f6140cefc869,"{""hidden_cells"":[""c16_16""]}"
qsg_a18002c84617,"{""hidden_cells"":[""c16_16""]}"
qsg_ced9fa008bae,"{""hidden_cells"":[""c16_16""]}"
qsg_4fbbe61d846d,"{""hidden_cells"":[""c16_16""]}"
qsg_afd28214dd67,"{""hidden_cells"":[""c16_16""]}"
qsg_4734d7840dc9,"{""hidden_cells"":[""c16_16""]}"
qsg_6e3f258dfacf,"{""hidden_cells"":[""c16_16""]}"
qsg_49a7f07a3687,"{""hidden_cells"":[""c16_16""]}"
qsg_1c0c927891bf,"{""hidden_cells"":[""c16_16""]}"
qsg_a91031ba16cd,"{""hidden_cells"":[""c16_16""]}"
qsg_73b7a2fbdbcb,"{""hidden_cells"":[""c16_16""]}"
qsg_648d00e7e3df,"{""hidden_cells"":[""c16_16""]}"
qsg_a0575287deb4,"{""hidden_cells"":[""c16_16""]}"
qsg_913797ff39e5,"{""hidden_cells"":[""c16_16""]}"
qsg_e2ed403ff0a5,"{""hidden_cells"":[""c16_16""]}"
qsg_a5fee15322e9,"{""hidden_cells"":[""c16_16""]}"
qsg_133956674c7c,"{""hidden_cells"":[""c16_16""]}"
qsg_d9095c431c0c,"{""hidden_cells"":[""c16_16""]}"
qsg_0d5213250cd9,"{""hidden_cells"":[""c16_16""]}"
qsg_e35a83f13123,"{""hidden_cells"":[""c16_16""]}"
qsg_40a1303ca341,"{""hidden_cells"":[""c16_16""]}"
qsg_5f55953d4de8,"{""hidden_cells"":[""c16_16""]}"
qsg_c581705eeb49,"{""hidden_cells"":[""c16_16""]}"
qsg_3c0bcec56495,"{""hidden_cells"":[""c16_16""]}"
qsg_7b45ca43dbd5,"{""hidden_cells"":[""c16_16""]}"
qsg_54298cd410a9,"{""hidden_cells"":[""c16_16""]}"
qsg_624d354ca273,"{""hidden_cells"":[""c16_16""]}"
qsg_3d1f7b40719b,"{""hidden_cells"":[""c16_16""]}"
qsg_b779857d73ae,"{""hidden_cells"":[""c16_16""]}"
qsg_d1f10fcdbcf3,"{""hidden_cells"":[""c16_16""]}"
qsg_ae0e3dc2d0d5,"{""hidden_cells"":[""c16_16""]}"
qsg_a14607c59b7f,"{""hidden_cells"":[""c16_16""]}"
qsg_0bea34ce9351,"{""hidden_cells"":[""c16_16""]}"
qsg_e8457aec26a7,"{""hidden_cells"":[""c16_16""]}"
qsg_79ad6616a183,"{""hidden_cells"":[""c16_16""]}"
qsg_47eb21ecc263,"{""hidden_cells"":[""c16_16""]}"
qsg_963855baf817,"{""hidden_cells"":[""c16_16""]}"
qsg_53f5b6a1b870,"{""hidden_cells"":[""c16_16""]}"
qsg_4b68b38cd8e4,"{""hidden_cells"":[""c16_16""]}"
qsg_626e5437b0e3,"{""hidden_cells"":[""c16_16""]}"
qsg_a068edbe62d4,"{""hidden_cells"":[""c16_16""]}"
qsg_15e29f71fbab,"{""hidden_cells"":[""c16_16""]}"
qsg_6b0c0f7a7807,"{""hidden_cells"":[""c16_16""]}"
qsg_ae56ba45d207,"{""hidden_cells"":[""c16_16""]}"
qsg_bc7eba56b60c,"{""hidden_cells"":[""c16_16""]}"
qsg_76fa64042cee,"{""hidden_cells"":[""c16_16""]}"
qsg_d20f426a8e73,"{""hidden_cells"":[""c16_16""]}"
qsg_0c5c9dd0fedc,"{""hidden_cells"":[""c16_16""]}"
qsg_ba92a58e3953,"{""hidden_cells"":[""c16_16""]}"
qsg_b0f57612e72d,"{""hidden_cells"":[""c16_16""]}"
qsg_386687b7029d,"{""hidden_cells"":[""c16_16""]}"
qsg_a240c3512a6c,"{""hidden_cells"":[""c16_16""]}"
qsg_90c7fce7d4b2,"{""hidden_cells"":[""c16_16""]}"
qsg_b45da724c98c,"{""hidden_cells"":[""c16_16""]}"
qsg_b919c149a5d9,"{""hidden_cells"":[""c16_16""]}"
qsg_d213e2099709,"{""hidden_cells"":[""c16_16""]}"
qsg_f27043b7a212,"{""hidden_cells"":[""c16_16""]}"
qsg_f8a4ef722be0,"{""hidden_cells"":[""c16_16""]}"
qsg_88f7bf980035,"{""hidden_cells"":[""c16_16""]}"
qsg_7e867e76d24d,"{""hidden_cells"":[""c16_16""]}"
qsg_23b37e03e97a,"{""hidden_cells"":[""c16_16""]}"
qsg_03aa57bc56ec,"{""hidden_cells"":[""c16_16""]}"
qsg_c010c68307a6,"{""hidden_cells"":[""c16_16""]}"
qsg_de08c76b38f9,"{""hidden_cells"":[""c16_16""]}"
qsg_f49686ae2171,"{""hidden_cells"":[""c16_16""]}"
qsg_cea46cd91b76,"{""hidden_cells"":[""c16_16""]}"
qsg_ca4fbe199a8f,"{""hidden_cells"":[""c16_16""]}"
qsg_3ce6aa7b05ef,"{""hidden_cells"":[""c16_16""]}"
qsg_3e3a0a452869,"{""hidden_cells"":[""c16_16""]}"
qsg_3689f0ac0f95,"{""hidden_cells"":[""c16_16""]}"
qsg_e611053ed608,"{""hidden_cells"":[""c16_16""]}"
qsg_d439f80fa0a2,"{""hidden_cells"":[""c16_16""]}"
qsg_2acc634e6171,"{""hidden_cells"":[""c16_16""]}"
qsg_7216a76cdcac,"{""hidden_cells"":[""c16_16""]}"
qsg_aa84012e0638,"{""hidden_cells"":[""c16_16""]}"
qsg_2577a0e1a276,"{""hidden_cells"":[""c16_16""]}"
qsg_d766a52b5d2c,"{""hidden_cells"":[""c16_16""]}"
qsg_915ef2c2b9c5,"{""hidden_cells"":[""c16_16""]}"
qsg_d4557dbe5191,"{""hidden_cells"":[""c16_16""]}"
qsg_47c2d183a0a7,"{""hidden_cells"":[""c16_16""]}"
qsg_ce0b5bcf3a37,"{""hidden_cells"":[""c16_16""]}"
qsg_b1f3f84eb7d8,"{""hidden_cells"":[""c16_16""]}"
qsg_d98bd95aa787,"{""hidden_cells"":[""c16_16""]}"
qsg_ee6179c98717,"{""hidden_cells"":[""c16_16""]}"
qsg_d00f088f2256,"{""hidden_cells"":[""c16_16""]}"
qsg_bad27b6be768,"{""hidden_cells"":[""c16_16""]}"
qsg_41e6994b13c5,"{""hidden_cells"":[""c16_16""]}"
qsg_e6f7faa2ded9,"{""hidden_cells"":[""c16_16""]}"
qsg_3203dbaa35d3,"{""hidden_cells"":[""c16_16""]}"
qsg_c4f82ce45d5f,"{""hidden_cells"":[""c16_16""]}"
qsg_8241897f0cf7,"{""hidden_cells"":[""c16_16""]}"
qsg_91d433c630ad,"{""hidden_cells"":[""c16_16""]}"
qsg_c7a86d238a65,"{""hidden_cells"":[""c16_16""]}"
qsg_96fd3aa543f8,"{""hidden_cells"":[""c16_16""]}"
qsg_fb8860342880,"{""hidden_cells"":[""c16_16""]}"
qsg_309ae6fb0813,"{""hidden_cells"":[""c16_16""]}"
qsg_fb0df72931a6,"{""hidden_cells"":[""c16_16""]}"
qsg_cc7c771a1e92,"{""hidden_cells"":[""c16_16""]}"
qsg_ed50b1c0ce5d,"{""hidden_cells"":[""c16_16""]}"
qsg_a4c603ed4e40,"{""hidden_cells"":[""c16_16""]}"
qsg_dd013b40653b,"{""hidden_cells"":[""c16_16""]}"
qsg_eb432280b139,"{""hidden_cells"":[""c16_16""]}"
qsg_4574ecaf924a,"{""hidden_cells"":[""c16_16""]}"
qsg_e5e23074cea6,"{""hidden_cells"":[""c16_16""]}"
qsg_3b58c311ce4e,"{""hidden_cells"":[""c16_16""]}"
qsg_4c687b7ef4ef,"{""hidden_cells"":[""c16_16""]}"
qsg_33e06fc91c7a,"{""hidden_cells"":[""c16_16""]}"
qsg_ac8956bc1828,"{""hidden_cells"":[""c16_16""]}"
qsg_ed613f091508,"{""hidden_cells"":[""c16_16""]}"
qsg_5d433ce00fa4,"{""hidden_cells"":[""c16_16""]}"
qsg_ba594e217ef2,"{""hidden_cells"":[""c16_16""]}"
qsg_f083ce8b016f,"{""hidden_cells"":[""c16_16""]}"
qsg_47bcb54d55b4,"{""hidden_cells"":[""c16_16""]}"
qsg_1856f4fb0d5b,"{""hidden_cells"":[""c16_16""]}"
qsg_af0afe9de6a0,"{""hidden_cells"":[""c16_16""]}"
qsg_fb3cc3694cc6,"{""hidden_cells"":[""c16_16""]}"
qsg_25490c2e73a1,"{""hidden_cells"":[""c16_16""]}"
qsg_7889ecbac090,"{""hidden_cells"":[""c16_16""]}"
qsg_332de7eac21b,"{""hidden_cells"":[""c16_16""]}"
qsg_b9f1bf822c28,"{""hidden_cells"":[""c16_16""]}"
qsg_2197547202c9,"{""hidden_cells"":[""c16_16""]}"
qsg_1da3b182f586,"{""hidden_cells"":[""c16_16""]}"
qsg_fd186d8a754a,"{""hidden_cells"":[""c16_16""]}"
qsg_5160850f72d6,"{""hidden_cells"":[""c16_16""]}"
qsg_3c803351d7cf,"{""hidden_cells"":[""c16_16""]}"
qsg_8763da741a90,"{""hidden_cells"":[""c16_16""]}"
qsg_0c5bc94c03a9,"{""hidden_cells"":[""c16_16""]}"
qsg_d6411b465744,"{""hidden_cells"":[""c16_16""]}"
qsg_0c2153af7d50,"{""hidden_cells"":[""c16_16""]}"
qsg_3d2af3f5b919,"{""hidden_cells"":[""c16_16""]}"
qsg_9131b6f52c03,"{""hidden_cells"":[""c16_16""]}"
qsg_19618dc4ca2d,"{""hidden_cells"":[""c16_16""]}"
qsg_afcaab0c0471,"{""hidden_cells"":[""c16_16""]}"
qsg_287371bb4bca,"{""hidden_cells"":[""c16_16""]}"
qsg_5e0eb3e18d00,"{""hidden_cells"":[""c16_16""]}"
qsg_ef7fb23f9a48,"{""hidden_cells"":[""c16_16""]}"
qsg_5a72bb19148f,"{""hidden_cells"":[""c16_16""]}"
qsg_a6ca3d77e2d9,"{""hidden_cells"":[""c16_16""]}"
qsg_1d921b55effb,"{""hidden_cells"":[""c16_16""]}"
qsg_c23573617ae9,"{""hidden_cells"":[""c16_16""]}"
qsg_358c6ffb4dfd,"{""hidden_cells"":[""c16_16""]}"
qsg_c9348d585d0f,"{""hidden_cells"":[""c16_16""]}"
qsg_92f9ee5bc2f2,"{""hidden_cells"":[""c16_16""]}"
qsg_1daa1f0342fa,"{""hidden_cells"":[""c16_16""]}"
qsg_f5805f062f6d,"{""hidden_cells"":[""c16_16""]}"
qsg_c9026fee5f50,"{""hidden_cells"":[""c16_16""]}"
qsg_19e750459250,"{""hidden_cells"":[""c16_16""]}"
qsg_1e5899654e70,"{""hidden_cells"":[""c16_16""]}"
qsg_5c8b216d1aa9,"{""hidden_cells"":[""c16_16""]}"
qsg_7f1c840a5de5,"{""hidden_cells"":[""c16_16""]}"
qsg_305851b1a655,"{""hidden_cells"":[""c16_16""]}"
qsg_36f50dca8d43,"{""hidden_cells"":[""c16_16""]}"
qsg_0e848b820445,"{""hidden_cells"":[""c16_16""]}"
qsg_60707e60a5e5,"{""hidden_cells"":[""c16_16""]}"
qsg_33034d75ee28,"{""hidden_cells"":[""c16_16""]}"
qsg_a160c97f7916,"{""hidden_cells"":[""c16_16""]}"
qsg_f8c33ae03491,"{""hidden_cells"":[""c16_16""]}"
qsg_3bcbc845eaf0,"{""hidden_cells"":[""c16_16""]}"
qsg_c330c635f855,"{""hidden_cells"":[""c16_16""]}"
qsg_93591ae88d89,"{""hidden_cells"":[""c16_16""]}"
qsg_2581f9da6168,"{""hidden_cells"":[""c16_16""]}"
qsg_1b3906e32b41,"{""hidden_cells"":[""c16_16""]}"
qsg_aef9085888a7,"{""hidden_cells"":[""c16_16""]}"
qsg_01b0ce6a6b28,"{""hidden_cells"":[""c16_16""]}"
qsg_155315ae17d5,"{""hidden_cells"":[""c16_16""]}"
qsg_7603fdbd4370,"{""hidden_cells"":[""c16_16""]}"
qsg_d76608193c5c,"{""hidden_cells"":[""c16_16""]}"
qsg_8d4238666706,"{""hidden_cells"":[""c16_16""]}"
qsg_975a3c4035fa,"{""hidden_cells"":[""c16_16""]}"
qsg_df9fce1118f0,"{""hidden_cells"":[""c16_16""]}"
qsg_3a3d8202d8ae,"{""hidden_cells"":[""c16_16""]}"
qsg_8ec35089482a,"{""hidden_cells"":[""c16_16""]}"
qsg_a04788d84176,"{""hidden_cells"":[""c16_16""]}"
qsg_abb0dc998be4,"{""hidden_cells"":[""c16_16""]}"
qsg_27c741e36f00,"{""hidden_cells"":[""c16_16""]}"
qsg_e1fc6ba0de74,"{""hidden_cells"":[""c16_16""]}"
qsg_4ffa4110e961,"{""hidden_cells"":[""c16_16""]}"
qsg_9ae71c7f741a,"{""hidden_cells"":[""c16_16""]}"
qsg_ac37d2d71da7,"{""hidden_cells"":[""c16_16""]}"
qsg_9ede1d3975df,"{""hidden_cells"":[""c16_16""]}"
qsg_bb7cc8abfd9e,"{""hidden_cells"":[""c16_16""]}"
qsg_f8916164d135,"{""hidden_cells"":[""c16_16""]}"
qsg_f3965e167b46,"{""hidden_cells"":[""c16_16""]}"
qsg_3ead240cafb0,"{""hidden_cells"":[""c16_16""]}"
qsg_4751d12dc8d3,"{""hidden_cells"":[""c16_16""]}"
qsg_5511f726a5cd,"{""hidden_cells"":[""c16_16""]}"
qsg_ffc91ba25a0b,"{""hidden_cells"":[""c16_16""]}"
qsg_698425062157,"{""hidden_cells"":[""c16_16""]}"
qsg_33824ca7426a,"{""hidden_cells"":[""c16_16""]}"
qsg_50727e5888e8,"{""hidden_cells"":[""c16_16""]}"
qsg_23484e90550b,"{""hidden_cells"":[""c16_16""]}"
qsg_af2e33f9ec4f,"{""hidden_cells"":[""c16_16""]}"
qsg_15a42b6754b1,"{""hidden_cells"":[""c16_16""]}"
qsg_4675b1ef0af3,"{""hidden_cells"":[""c16_16""]}"
qsg_916ac360404d,"{""hidden_cells"":[""c16_16""]}"
qsg_936be7b7cfee,"{""hidden_cells"":[""c16_16""]}"
qsg_fdafeb83f1fd,"{""hidden_cells"":[""c16_16""]}"
qsg_9512650facfb,"{""hidden_cells"":[""c16_16""]}"
qsg_fc3531cda6dd,"{""hidden_cells"":[""c16_16""]}"
qsg_a5b86cadfa36,"{""hidden_cells"":[""c16_16""]}"
qsg_218c951e2088,"{""hidden_cells"":[""c16_16""]}"
qsg_f80238e055ee,"{""hidden_cells"":[""c16_16""]}"
qsg_39b45490dc12,"{""hidden_cells"":[""c16_16""]}"
qsg_e3d6d3055ac9,"{""hidden_cells"":[""c16_16""]}"
qsg_b8ab64113bbc,"{""hidden_cells"":[""c16_16""]}"
qsg_1b909fff6ac5,"{""hidden_cells"":[""c16_16""]}"
qsg_391a53315111,"{""hidden_cells"":[""c16_16""]}"
qsg_5bac41a21066,"{""hidden_cells"":[""c16_16""]}"
qsg_bb5a778ed698,"{""hidden_cells"":[""c16_16""]}"
qsg_4ff1c6249696,"{""hidden_cells"":[""c16_16""]}"
qsg_c8c4e2ae3074,"{""hidden_cells"":[""c16_16""]}"
qsg_58a557323992,"{""hidden_cells"":[""c16_16""]}"
qsg_2e858b8cb187,"{""hidden_cells"":[""c16_16""]}"
qsg_f1da251c36d3,"{""hidden_cells"":[""c16_16""]}"
qsg_6c6d1ff68dcb,"{""hidden_cells"":[""c16_16""]}"
qsg_23fb0a96baaf,"{""hidden_cells"":[""c16_16""]}"
qsg_907144e453c1,"{""hidden_cells"":[""c16_16""]}"
qsg_e1d4e3b8b020,"{""hidden_cells"":[""c16_16""]}"
qsg_1d72656b6290,"{""hidden_cells"":[""c16_16""]}"
qsg_95628a506ca4,"{""hidden_cells"":[""c16_16""]}"
qsg_3a92eca4f04d,"{""hidden_cells"":[""c16_16""]}"
qsg_8327346d2de0,"{""hidden_cells"":[""c16_16""]}"
qsg_dae4534ee72e,"{""hidden_cells"":[""c16_16""]}"
qsg_e1c941769704,"{""hidden_cells"":[""c16_16""]}"
qsg_0dff0a1f5d80,"{""hidden_cells"":[""c16_16""]}"
qsg_6b476eef762d,"{""hidden_cells"":[""c16_16""]}"
qsg_75a6cd6bd9e9,"{""hidden_cells"":[""c16_16""]}"
qsg_7df80c81db1d,"{""hidden_cells"":[""c16_16""]}"
qsg_3b4feb577fbf,"{""hidden_cells"":[""c16_16""]}"
qsg_4840f4c59dcd,"{""hidden_cells"":[""c16_16""]}"
qsg_bd2bea6c5ac7,"{""hidden_cells"":[""c16_16""]}"
qsg_5da29a827fa4,"{""hidden_cells"":[""c16_16""]}"
qsg_2c76f208ac38,"{""hidden_cells"":[""c16_16""]}"
qsg_77db79bda0e0,"{""hidden_cells"":[""c16_16""]}"
qsg_9f3a5f9e1292,"{""hidden_cells"":[""c16_16""]}"
qsg_1a7832475c39,"{""hidden_cells"":[""c16_16""]}"
qsg_310e27b2f2d3,"{""hidden_cells"":[""c16_16""]}"
qsg_c39eedb2e65b,"{""hidden_cells"":[""c16_16""]}"
qsg_84b7bc03fa17,"{""hidden_cells"":[""c16_16""]}"
qsg_05b2b20e8bc5,"{""hidden_cells"":[""c16_16""]}"
qsg_ba8bb61ad32c,"{""hidden_cells"":[""c16_16""]}"
qsg_a5174c6ce0d6,"{""hidden_cells"":[""c16_16""]}"
qsg_9d192d15b9fd,"{""hidden_cells"":[""c16_16""]}"
qsg_9070325a9bc8,"{""hidden_cells"":[""c16_16""]}"
qsg_2674bad9fdc7,"{""hidden_cells"":[""c16_16""]}"
qsg_59afe52a0dc9,"{""hidden_cells"":[""c16_16""]}"
qsg_fb83fbc52076,"{""hidden_cells"":[""c16_16""]}"
qsg_1657f1acf8f0,"{""hidden_cells"":[""c16_16""]}"
qsg_86533eac3422,"{""hidden_cells"":[""c16_16""]}"
qsg_69bf77e391e7,"{""hidden_cells"":[""c16_16""]}"
qsg_d0be4bd0e72c,"{""hidden_cells"":[""c16_16""]}"
qsg_4d391ed76d27,"{""hidden_cells"":[""c16_16""]}"
qsg_bafe0e044f09,"{""hidden_cells"":[""c16_16""]}"
qsg_ab1c487a8c4d,"{""hidden_cells"":[""c16_16""]}"
qsg_f28925120ebe,"{""hidden_cells"":[""c16_16""]}"
qsg_da11dda789af,"{""hidden_cells"":[""c16_16""]}"
qsg_9e501c513a27,"{""hidden_cells"":[""c16_16""]}"
qsg_bf6be409b2e9,"{""hidden_cells"":[""c16_16""]}"
qsg_69d95fb98723,"{""hidden_cells"":[""c16_16""]}"
qsg_af17ee4d568f,"{""hidden_cells"":[""c16_16""]}"
qsg_dc4710779164,"{""hidden_cells"":[""c16_16""]}"
qsg_6eb859e0b2be,"{""hidden_cells"":[""c16_16""]}"
qsg_a2fc8298e576,"{""hidden_cells"":[""c16_16""]}"
qsg_4f85d26ff5ae,"{""hidden_cells"":[""c16_16""]}"
qsg_162d0108229b,"{""hidden_cells"":[""c16_16""]}"
qsg_12d22851e86b,"{""hidden_cells"":[""c16_16""]}"
qsg_e037280219d3,"{""hidden_cells"":[""c16_16""]}"
qsg_74612a752ada,"{""hidden_cells"":[""c16_16""]}"
qsg_3f134e54102a,"{""hidden_cells"":[""c16_16""]}"
qsg_c35311847ac2,"{""hidden_cells"":[""c16_16""]}"
qsg_6fd159357d31,"{""hidden_cells"":[""c16_16""]}"
qsg_b062229d67c6,"{""hidden_cells"":[""c16_16""]}"
qsg_face67522b51,"{""hidden_cells"":[""c16_16""]}"
qsg_4a71ad472194,"{""hidden_cells"":[""c16_16""]}"
qsg_4b0d63134973,"{""hidden_cells"":[""c16_16""]}"
qsg_654827be5255,"{""hidden_cells"":[""c16_16""]}"
qsg_4238153d229a,"{""hidden_cells"":[""c16_16""]}"
qsg_cc17f29d38c2,"{""hidden_cells"":[""c16_16""]}"
qsg_292cea9ad239,"{""hidden_cells"":[""c16_16""]}"
qsg_19ab35f3bfaf,"{""hidden_cells"":[""c16_16""]}"
qsg_4a78d60ca6e2,"{""hidden_cells"":[""c16_16""]}"
qsg_49eb7080c849,"{""hidden_cells"":[""c16_16""]}"
qsg_2a8606018972,"{""hidden_cells"":[""c16_16""]}"
qsg_45ef136d1be7,"{""hidden_cells"":[""c16_16""]}"
qsg_27523eb6ea4c,"{""hidden_cells"":[""c16_16""]}"
qsg_f6e6d57c7737,"{""hidden_cells"":[""c16_16""]}"
qsg_57208029a90a,"{""hidden_cells"":[""c16_16""]}"
qsg_7995b99e3c92,"{""hidden_cells"":[""c16_16""]}"
qsg_db76e3a99b5d,"{""hidden_cells"":[""c16_16""]}"
qsg_b4337c861157,"{""hidden_cells"":[""c16_16""]}"
qsg_c4354e3c1133,"{""hidden_cells"":[""c16_16""]}"
qsg_6100bb487e71,"{""hidden_cells"":[""c16_16""]}"
qsg_c948e6ba5c19,"{""hidden_cells"":[""c16_16""]}"
qsg_7969afe1492e,"{""hidden_cells"":[""c16_16""]}"
qsg_9e376ab0fa5d,"{""hidden_cells"":[""c16_16""]}"
qsg_49feebf53d0d,"{""hidden_cells"":[""c16_16""]}"
qsg_08409c3c918d,"{""hidden_cells"":[""c16_16""]}"
qsg_6ab82c5c92dd,"{""hidden_cells"":[""c16_16""]}"
qsg_2127750bd823,"{""hidden_cells"":[""c16_16""]}"
qsg_ac312d23d56a,"{""hidden_cells"":[""c16_16""]}"
qsg_e69b779258a3,"{""hidden_cells"":[""c16_16""]}"
qsg_7cade476c57b,"{""hidden_cells"":[""c16_16""]}"
qsg_bdfcbaf9c3ca,"{""hidden_cells"":[""c16_16""]}"
qsg_e8c3102f96ff,"{""hidden_cells"":[""c16_16""]}"
qsg_8da95da029e4,"{""hidden_cells"":[""c16_16""]}"
qsg_150845d6e987,"{""hidden_cells"":[""c16_16""]}"
qsg_e6151a711583,"{""hidden_cells"":[""c16_16""]}"
qsg_d035536b1669,"{""hidden_cells"":[""c16_16""]}"
qsg_5b2d51319f1c,"{""hidden_cells"":[""c16_16""]}"
qsg_f82b986ed621,"{""hidden_cells"":[""c16_16""]}"
qsg_330068012813,"{""hidden_cells"":[""c16_16""]}"
qsg_dde9aa438970,"{""hidden_cells"":[""c16_16""]}"
